display_id,ad_id,platform,Country,document_id,campaign_id,advertiser_id,confidence_level_x,confidence_level_y,confidence_level
16874594,66758,2,214,1051283,8949,555,0.495,0.0511328084778101,0.48611577749010293
16874594,150083,2,214,1358132,19045,1913,0.495,0.25807781983975603,0.0151026835060183
16874594,162754,2,214,1292723,17770,2391,0.495,0.521232836024426,0.1155971324348348
16874594,170392,2,214,1083829,20943,1731,0.495,0.14356758661574603,0.257377873456787
16874594,172888,2,214,1433954,1384,16,0.495,0.039265696299694876,0.37716789669746353
16874594,180797,2,214,1151028,674,769,0.495,0.13583847552329098,0.28608656441925606
16874595,8846,0,214,21135,1726,24,0.1892229075,0.076861231947498,0.5931000880739375
16874595,30609,0,214,859959,2328,1438,0.20270289600000002,0.0594136935365072,0.0
16874595,143982,0,214,1211785,18371,2447,0.495,0.38313714120011205,0.0140619876377272
16874596,11430,0,214,635693,30,27,0.38622563099999996,0.22238519275570298,0.14147191701200398
16874596,57197,0,214,992442,7618,2372,0.302747148,0.17537686988509804,0.005943057539174813
16874596,132820,0,214,1151829,16248,473,0.2652305535,0.08336794794971959,0.3681134995798938
16874596,153260,0,214,1108162,19476,2241,0.495,0.29955360732034003,0.32089627233402
16874596,173005,0,214,1031141,21149,1703,0.495,0.365898150036542,0.4516659272216523
16874596,288385,0,214,1301965,17295,1701,0.495,0.36538563262057,0.736374189299779
16874596,289122,0,214,1687165,28025,3899,0.191983869,0.0412927322998846,0.0
16874596,289915,0,214,1688648,28060,3899,0.26458091549999996,0.125446700410396,0.0
16874597,137858,0,214,864899,4769,1438,0.367386129,0.15675474142668802,0.759343963114237
16874597,143981,0,214,1211785,18371,2447,0.495,0.38313714120011205,0.0140619876377272
16874597,155945,0,214,1387632,13455,2876,1.0,0.09277430511887196,0.0
16874597,180965,0,214,1451409,21850,2407,0.2980372725,0.035108531259853776,0.0
16874597,182039,0,214,1212231,9588,2447,0.495,0.397082656476052,0.5392313139529915
16874597,285834,0,214,1117317,27878,1218,0.495,0.11051175136271371,0.6812979063303326
16874597,305790,0,214,1396348,28579,2057,0.495,0.029240620010945004,0.2971766674471896
16874597,308836,0,214,1037977,28745,682,0.3068073855,0.0325860292200615,0.239640132831914
16874598,67292,1,214,1043039,8711,1919,0.18370098450000003,0.0853187631022152,0.5460157655003175
16874598,145937,1,214,1060089,18605,1593,0.495,0.24479621271373297,0.203818477105146
16874598,250082,1,214,1618502,26182,2151,0.495,0.265538010182784,0.220850949144822
16874598,335632,1,214,1786069,17873,176,0.18581230799999998,0.0504428600643973,0.569607689682097
16874599,91681,2,38,419768,11867,2585,0.495,0.1735125820407501,0.311298112197772
16874599,163776,2,38,1410349,20527,1378,0.46401978150000006,0.267923681456296,0.27246273948497
16874599,173130,2,38,1302484,21210,2769,0.495,0.192142211585835,0.2357253731546805
16874599,210516,2,38,1533412,24080,3200,0.495,0.266791357309534,0.24697946488447053
16874599,213116,2,38,1486676,24253,2146,0.23485997700000003,0.0825261714559164,0.354037144353519
16874599,296295,2,38,1682326,28311,3481,0.495,0.42664700097970704,0.30668079039406265
16874600,2150,0,214,157091,464,554,0.22446576899999998,0.027458248022653304,0.0
16874600,30682,0,214,437633,1456,1185,0.495,0.191367458008524,0.21027162101164798
16874600,57591,0,214,395267,7708,915,0.495,0.34323742197941304,0.4971025433260323
16874600,70529,0,214,1064126,9408,2176,0.495,0.24606417042519063,0.27095323110061864
16874600,114836,0,214,1184406,10209,102,0.18386339399999999,0.0594115470962577,0.22964912744753
16874600,133050,0,214,757886,10823,1555,0.495,0.09505397415309198,0.2837408198951283
16874601,14082,0,214,699897,1687,603,0.24752791799999999,0.157482713767756,0.849764846316824
16874601,92003,0,214,737859,11938,1028,0.25158815549999997,0.133068814416196,0.0012632238581550801
16874601,118470,0,214,1202385,15099,19,0.495,0.1597147903979369,0.0
16874601,129490,0,214,1060089,9756,1593,0.495,0.24479621271373297,0.203818477105146
16874601,140942,0,214,1183136,18034,102,0.218943846,0.10414743651778201,0.20160603111657602
16874601,190713,0,214,1331178,22650,2426,0.495,0.22086574490544103,0.27475826949919463
16874602,131316,1,214,1225362,16344,2988,0.495,0.23313869128410658,0.504753472922784
16874602,154918,1,214,1382745,173,279,0.302747148,0.02713244676256257,0.302563811355997
16874602,268548,1,214,1377696,26597,555,0.495,0.263319495503145,0.3648454851464717
16874602,269017,1,214,1647612,26949,3718,0.348871446,0.18502967834234302,0.431684557530974
16874602,281563,1,214,1674890,17080,1510,0.4455050985,0.22091884920035396,0.8465363293065609
16874603,44460,1,38,944343,6200,83,0.47457639900000004,0.0910904915401014,0.3689289235545374
16874603,140423,1,38,1319801,17970,2182,0.495,0.1569101475456356,0.2771373648616363
16874603,156050,1,38,1387776,19818,1752,0.4039282665,0.17470375591594403,0.5565416357221821
16874603,163139,1,38,1360929,20430,3351,0.495,0.24975397323395815,0.2484362775423485
16874604,83804,0,214,1098038,10916,295,0.2223544455,0.123856037368196,0.598007348346289
16874604,129490,0,214,1060089,9756,1593,0.495,0.24479621271373297,0.203818477105146
16874604,145797,0,214,1331724,18322,1378,0.495,0.0863378941543977,0.3115008041385126
16874604,149047,0,214,1169985,16636,380,0.43641016650000003,0.259885506740803,0.26826581931682897
16874604,167029,0,214,1341303,18579,1378,0.495,0.45728947544229204,0.4611075900529289
16874604,169925,0,214,676927,20877,566,1.0,0.011915351564816474,0.528456956567695
16874604,240836,0,214,747296,25854,1809,0.495,0.40925186387779705,0.3252806204183833
16874604,254294,0,214,1624433,26344,1378,0.42731523450000003,0.24280833039745997,0.2598892348706025
16874604,308610,0,214,1712989,2668,580,0.495,0.23978211856301435,0.4018329672689216
16874605,40526,0,214,500812,5709,901,0.495,0.46119125209214,0.7089346682529606
16874605,240836,0,214,747296,25854,1809,0.495,0.40925186387779705,0.3252806204183833
16874605,257544,0,214,1556282,26491,3190,0.223816131,0.0594137804023514,0.0
16874606,158632,1,214,1086095,13005,1570,0.452488707,0.259673520171615,0.7572593436006351
16874606,163113,1,214,1409140,20398,2862,0.495,0.046782494231256674,0.26856018395234904
16874606,267702,1,214,1645168,26896,1684,0.495,0.09325873104245982,0.28662265879179877
16874606,303990,1,214,1432395,28527,1656,0.3785923845,0.19142423694972002,0.23957893460037802
16874607,130833,1,214,1260980,16808,1813,0.37047190950000003,0.170188854036621,0.253982616145064
16874607,162992,1,214,1182296,20413,1031,0.495,0.30388286860066405,0.3019088319503947
16874607,165659,1,214,1324377,20601,3037,0.495,0.03654664907217076,0.23251379232527503
16874607,242759,1,214,1576084,25925,3570,0.495,0.06556437833235011,0.0
16874608,205361,1,38,987071,23700,1913,0.495,0.15814397294193255,0.2272303262707275
16874608,230754,1,38,1130922,25027,2747,0.492766263,0.26174073988289603,0.201866920516892
16874608,231159,1,38,971319,25325,2151,0.495,0.23199378992091851,0.2554764981308685
16874608,234107,1,38,1585630,25460,2980,0.495,0.286160506432586,0.38337756282509144
16874609,34008,0,214,872661,4979,1624,0.4760380845,0.22473611786131098,0.0
16874609,99515,0,214,1148003,12978,1676,0.495,0.15617999529437168,0.25523160453970484
16874609,163664,0,214,1218459,17315,1650,0.2454165945,0.0843802332839469,0.0
16874609,249769,0,214,1312634,26168,2804,0.495,0.210129016493896,0.27692074205804673
16874609,259370,0,214,1109881,26619,3829,0.495,0.37690358447633,0.21535065649405552
16874609,281183,0,214,1522802,24152,1650,0.258571764,0.103470912308489,0.713633160374121
16874610,46160,0,214,959323,6405,2169,0.495,0.363628176085866,0.302965951594627
16874610,52856,0,214,977698,7045,2178,0.495,0.0126459754243521,0.4943684068451423
16874610,114836,0,214,1184406,10209,102,0.18386339399999999,0.0594115470962577,0.22964912744753
16874610,139682,0,214,826636,17910,1672,0.18467544149999998,0.0319428624540178,0.210209655808711
16874610,154580,0,214,1381560,19670,1378,0.495,0.15142200334490305,0.29225126916126476
16874610,223781,0,214,933177,16235,761,0.1746060525,0.0652961265112456,0.0
16874610,251970,0,214,1459908,22970,913,0.20562626700000003,0.015515373722457237,0.0
16874610,282224,0,214,1676754,16664,1510,0.394021287,0.17472840955221103,0.0
16874610,288377,0,214,1301965,17295,1701,0.495,0.36538563262057,0.736374189299779
16874611,48187,1,214,964140,6544,1823,0.138713553,0.0287844265570839,0.0
16874611,116176,1,214,929998,12029,486,0.495,0.37323816410624394,0.60448840769347
16874611,132780,1,214,1203531,16528,1006,0.39385887750000004,0.044273440955837004,0.0124459701215065
16874611,202812,1,214,1128940,23482,3426,0.2580845355,0.0847961764519634,0.0158225334396498
16874612,43546,1,214,943217,6113,2043,0.495,0.49669548086394705,0.3835218096278452
16874612,153193,1,214,1233659,19459,2808,0.495,0.21218393674074107,0.20150183826947
16874612,168275,1,214,1420584,20764,2151,0.495,0.24628218020161866,0.242041672414001
16874612,250239,1,214,964310,25641,2348,0.3110300325,0.0610352912982475,0.540938292596777
16874613,167388,1,214,1019847,14496,446,0.495,0.430375751934231,0.277680611756755
16874613,188900,1,214,1472295,20197,2241,0.495,0.291255465411134,0.32089627233402
16874613,199933,1,214,1044683,7235,555,0.386875269,0.11084207461870249,0.4008384394908
16874613,201777,1,214,1331825,23406,3016,0.495,0.363640119915521,0.38550889906214
16874613,227750,1,214,1086095,13005,1570,0.452488707,0.259673520171615,0.7572593436006351
16874613,268548,1,214,1377696,26597,555,0.495,0.263319495503145,0.3648454851464717
16874614,36343,1,214,438834,4827,1485,0.495,0.12819361421162095,0.3851875024624606
16874614,39684,1,214,912125,5592,580,0.495,0.03263915946802916,0.2675407036110815
16874614,71547,1,214,1043039,8711,1919,0.18370098450000003,0.0853187631022152,0.5460157655003175
16874614,129491,1,214,1060089,10790,1593,0.495,0.24479621271373297,0.203818477105146
16874614,163614,1,214,1018737,11448,1650,0.22738914,0.019438115982711265,0.250143007000814
16874614,250085,1,214,1618502,26182,2151,0.495,0.265538010182784,0.220850949144822
16874615,2719,2,214,325649,541,621,0.495,0.05083332320164904,0.45708663468286626
16874615,111900,2,214,994584,4766,350,0.209524095,0.014484434736876467,0.7977043089968442
16874615,160754,2,214,1271578,20224,2352,0.495,0.1865480254984918,0.2843307486778867
16874615,180923,2,214,1151028,674,769,0.495,0.13583847552329098,0.28608656441925606
16874615,211592,2,214,1535449,24176,2352,0.495,0.17060359816822881,0.40620944314348095
16874615,317516,2,214,1716061,28943,3448,0.266692239,0.126895982327614,0.268062262243935
16874616,68753,2,38,1059117,9213,2435,0.2967379965,0.0357684055981894,0.0
16874616,141729,2,38,1302824,18147,2762,0.495,0.1594951720871508,0.297665988562385
16874616,150656,2,38,725311,2067,1434,0.495,0.19727147959476032,0.2935901739738085
16874616,152399,2,38,1107172,13940,1713,0.495,0.19783189625208875,0.15433983374197266
16874616,187934,2,38,1374077,22402,1713,0.495,0.18663927402713348,0.0
16874616,194337,2,38,1486676,22821,2146,0.23485997700000003,0.0825261714559164,0.354037144353519
16874616,228566,2,38,1572613,25151,1919,0.495,0.318320208730425,0.35131974538976296
16874616,288404,2,38,1301965,19297,1701,0.495,0.36538563262057,0.736374189299779
16874617,231008,1,38,1085676,19833,1222,0.3925596015,0.20454433571591898,0.25965071407461104
16874617,237858,1,38,1596619,25733,1960,0.495,0.03073743175891377,0.33733485865869367
16874618,53299,1,38,977287,7080,1920,0.495,0.43652573021758795,0.0
16874618,114437,1,38,1182185,14717,1960,0.495,0.02347445245726493,0.3454454448602273
16874618,125389,1,38,804322,16064,3001,0.495,0.09701985474064571,0.7459509403233571
16874618,155377,1,38,1307953,19742,1670,0.495,0.1127634831476881,0.3870459064509553
16874618,235316,1,38,1587662,25497,2701,1.0,0.00992914256958032,0.0
16874618,311566,1,38,1718824,6201,83,0.249476832,0.0284479809875494,0.0
16874619,51846,1,214,792947,6962,505,0.495,0.1389753239927708,0.23736267415425502
16874619,64756,1,214,884528,1607,613,0.495,0.39497461682191404,0.288655140531169
16874619,67292,1,214,1043039,8711,1919,0.18370098450000003,0.0853187631022152,0.5460157655003175
16874619,76779,1,214,964140,10196,1823,0.138713553,0.0287844265570839,0.0
16874619,173387,1,214,947798,21239,2169,0.495,0.43547088945533097,0.39011394454546
16874619,202637,1,214,1516572,9331,985,0.495,0.020662320612169317,0.242841063158237
16874620,101786,0,16,848822,2885,764,0.26636742,0.104496957237189,0.0
16874620,112111,0,16,965492,2939,764,0.2636064585,0.150297686688128,0.0
16874620,133112,0,16,1274488,17077,2762,0.2057886765,0.017890784204705867,0.5723921520547129
16874620,135924,0,16,1267552,16440,3042,0.495,0.406966613145188,0.13728276820351978
16874620,158220,0,16,934358,20007,3337,0.495,0.23533091832400588,0.24688104971434088
16874620,219363,0,16,1552964,24643,3042,0.495,0.382442407720358,0.07729403584390855
16874621,8847,0,214,21135,1726,24,0.1892229075,0.076861231947498,0.5931000880739375
16874621,19092,0,214,774594,3125,1438,0.495,0.21531931406852617,0.2514816001108032
16874621,44925,0,214,845425,582,318,0.205301448,0.08943349594115,0.278340152020828
16874621,86683,0,214,1106570,11201,2670,0.495,0.0287845720724851,0.2707822289001857
16874621,117993,0,214,1111413,12411,797,0.2230040835,0.058959321072528,0.5776230955003305
16874621,133143,0,214,1294382,17083,1510,0.4341364335,0.030827222285502894,0.8465363293065609
16874621,187980,0,214,1468748,22382,1055,0.198480249,0.01918875771604935,0.38470005770800053
16874621,246975,0,214,1100702,26058,2146,0.495,0.23727649113632823,0.36719201079664365
16874621,288374,0,214,1301965,17295,1701,0.495,0.36538563262057,0.736374189299779
16874621,289122,0,214,1687165,28025,3899,0.191983869,0.0412927322998846,0.0
16874622,111054,1,214,1173249,14312,1890,0.495,0.35306298570780703,0.6813516258004101
16874622,173403,1,214,1387632,21143,2876,1.0,0.09277430511887196,0.0
16874622,195278,1,214,1131603,22891,2690,0.495,0.03613398972679789,0.451956893925057
16874622,198125,1,214,1387843,22843,2768,0.3155774985,0.08214435674482028,0.0
16874623,12340,2,38,684733,1931,2182,0.495,0.2611320035559365,0.25453979676293026
16874623,14891,2,38,629476,1931,2182,0.495,0.4325257103892,0.244926324804792
16874623,28613,2,38,644187,1908,579,0.495,0.2751381177789225,0.33345311387157006
16874623,101251,2,38,1152263,13170,2176,0.495,0.17148579994170002,0.366286014107529
16874623,207981,2,38,1525270,23880,752,0.495,0.16445600189222923,0.24973544882270501
16874623,232531,2,38,1241413,15958,2807,0.495,0.28553043797989097,0.2440587259960704
16874624,47902,1,100,965468,2998,563,0.3685229955,0.04046835614541147,0.39586959787455445
16874624,238431,1,100,1598289,25757,3803,0.166647987,0.0768465004559256,0.22860853350302104
16874624,262597,1,100,1635640,26689,2216,0.17330677649999998,0.022494418194101803,0.0
16874625,80485,1,214,1089819,10601,92,0.495,0.28103315703584303,0.334066423219182
16874625,87029,1,214,1108820,11264,2690,0.495,0.40582545205939,0.497121036705849
16874625,104707,1,214,985451,13532,1955,0.495,0.0102003007487843,0.321491593359307
16874625,173400,1,214,1387632,21143,2876,1.0,0.09277430511887196,0.0
16874626,12064,1,214,676718,1326,906,0.353743731,0.182367758865345,0.0
16874626,173393,1,214,1387612,21143,2876,1.0,0.0427706695058512,0.0
16874626,202812,1,214,1128940,23482,3426,0.2580845355,0.0847961764519634,0.0158225334396498
16874626,225438,1,214,1155224,25012,2871,0.2688035625,0.12288497515275301,0.3907733005366555
16874626,225447,1,214,1155229,25012,2871,0.21780697950000003,0.05075032586468455,0.9164277292074481
16874627,6465,0,214,475749,1136,617,0.495,0.23341644175208814,0.0
16874627,18160,0,214,747999,2893,295,0.14700000000000002,0.0,0.0
16874627,142684,0,214,1288696,17450,2391,0.495,0.402828538184565,0.25125698772547167
16874627,149541,0,214,1106570,11201,2670,0.495,0.0287845720724851,0.2707822289001857
16874627,153332,0,214,1091687,11478,2639,0.495,0.30118858976813,0.32790794650127303
16874628,67347,1,214,942989,9029,92,0.495,0.351212560482257,0.337843083880021
16874628,81659,1,214,1086686,10498,1992,0.495,0.23340160290876927,0.06956181022560257
16874628,158484,1,214,1361837,20063,535,0.322236288,0.03613321739789418,0.0
16874628,185167,1,214,1428231,22232,1644,0.3324680865,0.027946880447195333,0.610594245084305
16874629,95824,0,214,942989,9028,92,0.495,0.351212560482257,0.337843083880021
16874629,187285,0,214,1116986,15430,769,0.495,0.39113942866031104,0.280951353134529
16874629,310948,0,214,868207,28808,1637,0.307619433,0.0845143243508788,0.13061785139437218
16874630,159784,0,214,1271578,20167,2352,0.495,0.1865480254984918,0.2843307486778867
16874630,194922,0,214,1488246,22845,1594,0.495,0.17500964275438238,0.30076756688972545
16874631,8561,0,214,386306,854,862,0.495,0.18130750506932253,0.269580051969204
16874631,34909,0,214,872341,5113,2004,0.495,0.38185470865502,0.538888539007727
16874631,54043,0,214,692242,6235,5,0.495,0.277052029001125,0.43006986843227235
16874631,61159,0,214,992370,7283,1919,0.495,0.318320208730425,0.352204527995858
16874631,88711,0,214,1098103,10945,1919,0.495,0.36762098266465904,0.351282799598198
16874631,129108,0,214,1274487,16582,2762,0.2269019115,0.028599310844432735,0.0
16874631,139682,0,214,826636,17910,1672,0.18467544149999998,0.0319428624540178,0.210209655808711
16874631,279893,0,214,12668,19474,14,0.495,0.24403268150154267,0.32577090442432405
16874631,302352,0,214,1083058,8745,1206,0.2934898065,0.06602190684726394,0.0
16874632,28668,0,38,839863,3924,2179,0.32499724950000003,0.204541141201519,0.2851812306166877
16874632,58515,0,38,972100,6823,607,0.495,0.0110654995151424,0.23523522946539777
16874632,86933,0,38,1108479,11240,2557,0.495,0.24294336610366252,0.24596275953566782
16874632,101249,0,38,1152265,13171,2176,0.3422126565,0.15381993515950598,0.521506511416298
16874632,116261,0,38,943876,6316,1010,0.25175056500000004,0.02390337756389844,0.0
16874632,134979,0,38,1302739,17334,752,0.495,0.16298768059480254,0.433519212120394
16874632,155815,0,38,1387160,19792,1450,0.305670519,0.09612782317322635,0.635818514822954
16874632,173292,0,38,1434518,21227,2360,0.205951086,0.0132956492042238,0.0
16874632,269583,0,38,1649109,26993,2669,0.495,0.03839343175177641,0.45351173424204366
16874633,36252,2,214,1151028,674,769,0.495,0.13583847552329098,0.28608656441925606
16874633,80177,2,214,1044021,10586,2494,0.495,0.35820157091886207,0.31344454176634
16874633,80180,2,214,1044020,10585,2494,0.254024298,0.07929101358605772,0.8480780803496372
16874633,158356,2,214,1391981,20054,1684,0.495,0.42110139204333097,0.42844085167581364
16874633,172435,2,214,1432967,21133,1683,0.495,0.07137400795861844,0.3375380261924383
16874633,302078,2,214,1704744,2202,1014,0.495,0.16991625095278912,0.2682044735634053
16874634,61159,0,214,992370,7283,1919,0.495,0.318320208730425,0.352204527995858
16874634,67558,0,214,968349,6724,1352,0.42357981599999994,0.02552409429104068,0.5795020520410963
16874634,127047,0,214,1260980,16274,1813,0.37047190950000003,0.170188854036621,0.253982616145064
16874634,144739,0,214,1337362,18488,2909,0.495,0.24239998890151748,0.8550512721712079
16874634,228959,0,214,1141938,25174,2712,0.495,0.24839139813789574,0.3468919130517686
16874634,288377,0,214,1301965,17295,1701,0.495,0.36538563262057,0.736374189299779
16874635,25397,0,100,830209,3845,792,0.495,0.41463543986669205,0.26235683597698894
16874635,33062,0,100,867662,4864,792,0.495,0.0761581435824168,0.537776994218148
16874635,36619,0,100,899906,5295,792,0.495,0.47240826483892895,0.30071444532319
16874635,63337,0,100,796753,3305,1726,0.15235595100000002,0.010305164345161872,0.270479875448379
16874635,111697,0,100,796745,3305,1726,0.1544672745,0.0350848375673111,0.0199962193765869
16874635,138832,0,100,1316884,11919,2757,0.495,0.30594652556938295,0.3682059400890207
16874635,188665,0,100,1463156,22463,681,0.495,0.49986290705478603,0.23998379655566604
16874635,238429,0,100,1598289,25757,3803,0.166647987,0.0768465004559256,0.22860853350302104
16874636,1352,0,214,30021,295,39,0.4966959312753707,0.0,0.0
16874636,61159,0,214,992370,7283,1919,0.495,0.318320208730425,0.352204527995858
16874636,72346,0,214,902720,5306,1991,0.23502238649999999,0.018433191934106297,0.5858283364476421
16874636,92003,0,214,737859,11938,1028,0.25158815549999997,0.133068814416196,0.0012632238581550801
16874636,112111,0,214,965492,2939,764,0.2636064585,0.150297686688128,0.0
16874636,121132,0,214,1059054,15488,2447,0.495,0.151303463687109,0.08562670773805535
16874636,133676,0,214,1297868,17143,1919,0.495,0.318320208730425,0.35131974538976296
16874636,151028,0,214,1270285,18075,865,0.4088005515,0.08299363930221049,0.09344524447501991
16874637,137150,1,214,1225363,17622,2988,0.495,0.12345210205145402,0.506221310168952
16874637,175427,1,214,1086095,13005,1570,0.452488707,0.259673520171615,0.7572593436006351
16874637,182822,1,214,1458408,5125,628,0.495,0.03115786992210579,0.584960354320509
16874637,235441,1,214,1377696,11654,555,0.495,0.263319495503145,0.3648454851464717
16874638,21815,1,214,801531,3372,906,0.190359774,0.0345486528503523,0.0
16874638,24959,1,214,793069,3625,1729,0.22056794100000002,0.0908840093536932,0.0
16874638,144124,1,214,1044683,7235,555,0.386875269,0.11084207461870249,0.4008384394908
16874638,188889,1,214,1472295,19477,2241,0.495,0.291255465411134,0.32089627233402
16874639,20266,2,214,787022,3257,1453,0.495,0.13470390011222225,0.42696909178827297
16874639,55996,2,214,208091,7465,372,0.495,0.401164703638406,0.38338661337950974
16874639,162754,2,214,1292723,17770,2391,0.495,0.521232836024426,0.1155971324348348
16874639,167350,2,214,1323567,20702,285,0.2814715035,0.156892795681362,0.0
16874639,180720,2,214,1151028,674,769,0.495,0.13583847552329098,0.28608656441925606
16874639,234445,2,214,1586187,25475,210,0.495,0.29069090709552053,0.2702920610204749
16874639,259370,2,214,1109881,26619,3829,0.495,0.37690358447633,0.21535065649405552
16874640,8024,0,214,144036,30,27,0.139038372,0.0564647025617104,0.48800054229788603
16874640,19790,0,214,780251,3150,1685,0.2109857805,0.0796868552882627,0.31031856772814004
16874640,33888,0,214,640048,3634,1812,0.495,0.03026490603482965,0.35613367155282816
16874640,57788,0,214,997969,7741,1594,0.495,0.26795898661697704,0.5572068908632223
16874640,150057,0,214,1358036,19040,1913,0.495,0.20177915633035198,0.231025336459809
16874640,167205,0,214,1303874,16235,761,0.495,0.150226661140025,0.6771582638729406
16874640,190287,0,214,1395209,22609,2093,0.495,0.20462395069477401,0.2837514254365203
16874640,312386,0,214,1617964,28850,3922,0.34010133299999995,0.02122953571428571,0.5381502353493851
16874641,98301,0,100,991950,12615,2198,0.495,0.28389147957608896,0.0
16874641,111697,0,100,796745,3305,1726,0.1544672745,0.0350848375673111,0.0199962193765869
16874641,188664,0,100,1463156,22463,681,0.495,0.49986290705478603,0.23998379655566604
16874641,238430,0,100,1598289,25757,3803,0.166647987,0.0768465004559256,0.22860853350302104
16874642,48185,1,214,964140,6544,1823,0.138713553,0.0287844265570839,0.0
16874642,91137,1,214,1101032,11041,1734,0.495,0.34798066027474106,0.30284995190610947
16874642,128496,1,214,1086095,13005,1570,0.452488707,0.259673520171615,0.7572593436006351
16874642,132780,1,214,1203531,16528,1006,0.39385887750000004,0.044273440955837004,0.0124459701215065
16874643,71807,0,214,871277,4931,2018,0.477824589,0.22743117601867702,0.23131745637902248
16874643,86683,0,214,1106570,11201,2670,0.495,0.0287845720724851,0.2707822289001857
16874643,144741,0,214,1337362,18488,2909,0.495,0.24239998890151748,0.8550512721712079
16874643,147536,0,214,1347230,18767,2426,0.495,0.10223125858452231,0.393663273116648
16874643,153167,0,214,1137800,12672,1650,0.2606830875,0.10450690488371801,0.46641630742028295
16874643,302147,0,214,1703528,55,87,0.495,0.36889529310620206,0.5416400816915294
16874644,40205,0,16,917502,3438,1625,0.495,0.24245322876199796,0.0
16874644,40206,0,16,917503,3438,1625,0.495,0.2420398231132449,0.0
16874644,76814,0,16,824972,10203,1927,0.495,0.2933214898972885,0.7921542568497301
16874644,97834,0,16,817548,693,764,0.495,0.20336145801605948,0.338614210861124
16874644,112111,0,16,965492,2939,764,0.2636064585,0.150297686688128,0.0
16874644,150656,0,16,725311,2067,1434,0.495,0.19727147959476032,0.2935901739738085
16874644,153008,0,16,1347904,19365,3236,0.495,0.13044591140633774,0.10837196662612422
16874644,162129,0,16,1405507,20334,1713,0.495,0.38808947584434705,0.00121548341554764
16874645,30611,2,214,859959,2328,1438,0.20270289600000002,0.0594136935365072,0.0
16874645,45192,2,214,953930,6296,1594,0.495,0.11934419617066555,0.4686805193926733
16874645,83658,2,214,992370,7283,1919,0.495,0.318320208730425,0.352204527995858
16874645,88710,2,214,1098103,10945,1919,0.495,0.36762098266465904,0.351282799598198
16874645,138353,2,214,786803,17762,1703,0.495,0.20879823822580756,0.531318629705016
16874645,288365,2,214,1301965,17295,1701,0.495,0.36538563262057,0.736374189299779
16874646,61173,0,214,700151,2264,1283,0.495,0.270668000871963,0.872787532285068
16874646,149541,0,214,1106570,11201,2670,0.495,0.0287845720724851,0.2707822289001857
16874646,162417,0,214,1380774,5007,1386,0.495,0.34616544792760806,0.0
16874646,173006,0,214,1031141,21149,1703,0.495,0.365898150036542,0.4516659272216523
16874646,208613,0,214,1528395,23976,2407,0.495,0.1863608080842399,0.0164839059582598
16874646,288377,0,214,1301965,17295,1701,0.495,0.36538563262057,0.736374189299779
16874647,48137,0,214,960570,1895,1352,0.4217933115,0.20171174631246203,0.38682521702170053
16874647,97676,0,214,1142207,2190,1448,0.3659244435,0.022875902889393566,0.3277628790876947
16874647,149539,0,214,1106570,11201,2670,0.495,0.0287845720724851,0.2707822289001857
16874647,165330,0,214,1412774,2234,1475,0.2226792645,0.12030359509986699,0.0
16874647,190062,0,214,1172584,15214,1650,0.23713371,0.0739871756453852,0.6830640458208279
16874647,273567,0,214,1649400,25885,112,0.495,0.044941845838533764,0.5089416596918866
16874648,125749,1,214,791123,13365,1635,0.3448112085,0.19165055633678602,0.7439637790614197
16874648,160454,1,214,1108162,20197,2241,0.495,0.29955360732034003,0.32089627233402
16874648,172955,1,214,1419600,20933,210,0.495,0.1482999773539153,0.3664531253905306
16874648,278448,1,214,1414815,27454,2713,0.495,0.309797067705098,0.3733974565582742
16874649,35593,0,38,863855,5193,1665,0.2554859835,0.011517073468104032,0.0
16874649,78042,0,38,992433,8003,1010,0.495,0.20597478927296037,0.306582071358302
16874649,113261,0,38,1100702,14573,2146,0.495,0.23727649113632823,0.36719201079664365
16874650,91683,2,38,419768,11867,2585,0.495,0.1735125820407501,0.311298112197772
16874650,94565,2,38,591242,12243,295,0.22430335950000002,0.11918791267884599,0.43465840583686194
16874650,167630,2,38,1346980,20741,1565,0.1768797855,0.017662089404676538,0.752564641872906
16874650,178754,2,38,1450929,21698,3200,0.3194753265,0.02745836364670546,0.41644184491419606
16874650,178918,2,38,1451230,21716,2222,0.495,0.42632164605145395,0.4066173671317045
16874650,197172,2,38,1453298,23054,3481,0.495,0.039107010939510904,0.040845484824520994
16874651,29281,1,214,690073,4488,19,0.45914749650000003,0.28021683610519504,0.033303334387412696
16874651,125211,1,214,876083,16054,772,0.495,0.03480564415380911,0.0
16874651,175427,1,214,1086095,13005,1570,0.452488707,0.259673520171615,0.7572593436006351
16874651,225438,1,214,1155224,25012,2871,0.2688035625,0.12288497515275301,0.3907733005366555
16874652,44953,0,214,875999,6235,5,0.495,0.395096857885091,0.37011671641256244
16874652,138514,0,214,1315512,17782,2710,0.495,0.0363793606787381,0.3916347015439892
16874652,170779,0,214,1426552,11070,797,0.495,0.5859692136539979,0.3436382015046624
16874652,288356,0,214,1301965,17295,1701,0.495,0.36538563262057,0.736374189299779
16874653,34165,1,214,678500,5020,629,0.3607273395,0.221638538993191,0.0
16874653,57207,1,214,921944,1583,53,0.167622444,0.0207924091775408,0.22426459906397397
16874653,65120,1,214,1043039,8711,1919,0.18370098450000003,0.0853187631022152,0.5460157655003175
16874653,67861,1,214,1057109,7347,1955,0.495,0.0357894137888769,0.321491593359307
16874653,76778,1,214,964140,10194,1823,0.138713553,0.0287844265570839,0.0
16874653,191024,1,214,1182296,22673,1031,0.495,0.30388286860066405,0.3019088319503947
16874654,52838,0,214,858914,5692,2125,0.495,0.345743328729297,0.288974300305154
16874654,61173,0,214,700151,2264,1283,0.495,0.270668000871963,0.872787532285068
16874654,149541,0,214,1106570,11201,2670,0.495,0.0287845720724851,0.2707822289001857
16874654,162417,0,214,1380774,5007,1386,0.495,0.34616544792760806,0.0
16874654,173005,0,214,1031141,21149,1703,0.495,0.365898150036542,0.4516659272216523
16874654,288396,0,214,1301965,17295,1701,0.495,0.36538563262057,0.736374189299779
16874655,31367,1,214,861466,4673,1774,0.313790994,0.185034570908393,0.0146912054621253
16874655,125948,1,214,1223444,15641,2151,0.495,0.38575483983398995,0.264680962530075
16874655,220703,1,214,1167035,24737,3710,0.319637736,0.025656353762639493,0.557120157060547
16874656,211049,1,214,1534322,24127,1863,0.495,0.20179931881574412,0.3644426543692318
16874656,286746,1,214,1557508,14746,2609,0.495,0.03929750300573456,0.302226241889896
16874657,30229,1,214,859055,1594,150,0.5,0.33116162629539003,0.23018211414234302
16874657,144088,1,214,1249632,11367,2681,0.20465181000000002,0.0881092748899767,0.274848066612097
16874657,192150,1,214,942989,9029,92,0.495,0.351212560482257,0.337843083880021
16874657,202812,1,214,1128940,23482,3426,0.2580845355,0.0847961764519634,0.0158225334396498
16874657,228800,1,214,1573124,25160,718,0.495,0.1973866573589385,0.595381208983103
16874657,278451,1,214,1414815,27454,2713,0.495,0.309797067705098,0.3733974565582742
16874658,8496,0,214,518948,1656,472,0.495,0.053538140249751134,0.518399001751795
16874658,20266,0,214,787022,3257,1453,0.495,0.13470390011222225,0.42696909178827297
16874658,39279,0,214,257734,5550,901,0.495,0.430592582939169,0.312956555702685
16874658,88710,0,214,1098103,10945,1919,0.495,0.36762098266465904,0.351282799598198
16874658,323012,0,214,1617964,29032,3922,0.34010133299999995,0.02122953571428571,0.5381502353493851
16874658,328479,0,214,1760291,28467,2079,0.495,0.055370838624855645,0.28648887248183097
16874659,3475,0,214,358680,711,784,0.20254048649999998,0.0255936474951741,0.10822192465382799
16874659,47949,0,214,861009,5098,1955,0.495,0.433949313832565,0.43114888657502237
16874659,81181,0,214,838557,10684,1955,0.495,0.034953126629255316,0.4305639983785674
16874659,135960,0,214,1306519,17433,2711,0.191983869,0.0825132542505682,0.699257964672927
16874659,153427,0,214,987161,19525,1913,0.495,0.07856861562000698,0.0
16874659,168011,0,214,1303441,20746,2808,0.32694616350000005,0.15748056515363698,0.24071357855308545
16874659,213116,0,214,1486676,24253,2146,0.23485997700000003,0.0825261714559164,0.354037144353519
16874659,228959,0,214,1141938,25174,2712,0.495,0.24839139813789574,0.3468919130517686
16874659,240836,0,214,747296,25854,1809,0.495,0.40925186387779705,0.3252806204183833
16874659,288388,0,214,1301965,17295,1701,0.495,0.36538563262057,0.736374189299779
16874660,85397,2,214,1101631,11072,1438,0.199454706,0.053449618285727994,0.0
16874660,171667,2,214,1430220,21062,2200,0.20903686649999997,0.0652989034510971,0.28309459797125797
16874661,80482,1,214,1089819,10601,92,0.495,0.28103315703584303,0.334066423219182
16874661,147706,1,214,954430,10363,2603,0.495,0.270512511006715,0.21910746132298
16874661,158632,1,214,1086095,13005,1570,0.452488707,0.259673520171615,0.7572593436006351
16874661,170011,1,214,1424087,11798,916,0.2509385175,0.122885727798084,0.752378317745229
16874661,170033,1,214,1424086,11798,916,0.2509385175,0.122885727798084,0.752378317745229
16874661,281614,1,214,1675080,17080,1510,0.4455050985,0.11307463717187617,0.8465363293065609
16874662,31367,1,214,861466,4673,1774,0.313790994,0.185034570908393,0.0146912054621253
16874662,67292,1,214,1043039,8711,1919,0.18370098450000003,0.0853187631022152,0.5460157655003175
16874662,148769,1,214,1351715,18148,2691,0.3464353035,0.026922393802544693,0.63605171204929
16874662,150312,1,214,1359684,18148,2691,0.495,0.03918153209101484,0.41847885945751045
16874662,211047,1,214,1534322,24127,1863,0.495,0.20179931881574412,0.3644426543692318
16874662,234957,1,214,1586696,14742,2691,0.495,0.02955208749559914,0.46327089238464525
16874662,250079,1,214,1618502,26182,2151,0.495,0.265538010182784,0.220850949144822
16874662,257719,1,214,1060089,26508,1593,0.495,0.24479621271373297,0.203818477105146
16874663,18049,0,214,753513,751,425,0.495,0.038635500048269385,0.29657983374224
16874663,50302,0,214,136145,86,1439,0.495,0.06560803613824324,0.47316729916387834
16874663,54465,0,214,861009,7184,1955,0.495,0.433949313832565,0.43114888657502237
16874663,94962,0,214,498283,12302,1214,0.495,0.31933558265815504,0.623855661087588
16874663,180923,0,214,1151028,674,769,0.495,0.13583847552329098,0.28608656441925606
16874663,283505,0,214,1336803,27727,2245,0.495,0.5875693821161999,0.2943359786489988
16874663,323012,0,214,1617964,29032,3922,0.34010133299999995,0.02122953571428571,0.5381502353493851
16874663,328479,0,214,1760291,28467,2079,0.495,0.055370838624855645,0.28648887248183097
16874663,332908,0,214,153509,29340,2381,0.24444213750000002,0.05351289037712301,0.0
16874664,57889,1,214,470705,1204,687,0.495,0.052827532237351184,0.440861073650914
16874664,89726,1,214,875012,11621,1286,0.19165904999999997,0.0382002101222811,0.3004602822267445
16874664,92353,1,214,1127274,11975,2721,0.2847196935,0.130536496381239,0.8006124936338206
16874664,181548,1,214,1455026,21917,3277,0.335229048,0.09883110821924747,0.5349402682418986
16874665,92146,1,157,1126280,11950,2599,0.495,0.302678122438374,0.41088620791135055
16874665,175525,1,157,1332140,18426,3203,0.495,0.05720923701438886,0.301041014514275
16874665,197124,1,157,1501917,23046,1960,0.28731824549999996,0.17018666249255,0.22107441857220803
16874665,216172,1,157,1457978,24446,681,0.495,0.15823917624219777,0.365860909345152
16874666,95103,0,214,1098103,10945,1919,0.495,0.36762098266465904,0.351282799598198
16874666,110964,0,214,1172160,14240,2814,0.495,0.011482349020161,0.23269366223880378
16874666,152150,0,214,1368605,356,415,0.275462352,0.0294343984220907,0.0
16874666,162417,0,214,1380774,5007,1386,0.495,0.34616544792760806,0.0
16874666,173005,0,214,1031141,21149,1703,0.495,0.365898150036542,0.4516659272216523
16874666,228657,0,214,1572960,22411,2668,0.495,0.44515936843091103,0.6693747418042261
16874666,270253,0,214,1459908,22118,1010,0.20562626700000003,0.015515373722457237,0.0
16874666,304011,0,214,1432395,28528,1656,0.3785923845,0.19142423694972002,0.23957893460037802
16874666,332908,0,214,153509,29340,2381,0.24444213750000002,0.05351289037712301,0.0
16874667,14039,2,38,697722,2427,2182,0.495,0.211315750729391,0.20055546521285103
16874667,91087,2,38,395267,11767,915,0.495,0.34323742197941304,0.4971025433260323
16874667,178264,2,38,1287227,17643,3087,0.483021693,0.285757657176535,0.1581201475152595
16874667,210962,2,38,1534191,20532,2609,0.495,0.03700825975272159,0.0
16874667,228566,2,38,1572613,25151,1919,0.495,0.318320208730425,0.35131974538976296
16874667,301986,2,38,1702812,28455,1321,0.495,0.2565976050985827,0.2306873435411116
16874668,41760,1,214,752445,1419,617,0.495,0.364076665087425,0.0
16874668,162413,1,214,1127923,17553,2694,0.260520678,0.027343530040896402,0.0
16874668,225457,1,214,1155223,25012,2871,1.0,0.012766572558745597,0.55911683815976
16874668,232413,1,214,1581469,25389,3610,0.495,0.036699566417541435,0.42360413071770014
16874669,56685,2,214,633442,1969,862,0.495,0.18202976764595166,0.20056072595482602
16874669,59628,2,214,1019158,7995,1919,0.495,0.1592676733525365,0.35451845201530996
16874669,112111,2,214,965492,2939,764,0.2636064585,0.150297686688128,0.0
16874669,133119,2,214,1274488,17079,2762,0.2057886765,0.017890784204705867,0.5723921520547129
16874669,138353,2,214,786803,17762,1703,0.495,0.20879823822580756,0.531318629705016
16874669,301343,2,214,1591579,28428,2010,0.495,0.580851974510923,0.208661781443025
16874670,29729,1,214,856104,1423,308,0.495,0.318699222586597,0.40539273814259996
16874670,84139,1,214,931502,7877,2348,0.2424932235,0.132458081000745,0.275915458250755
16874670,132781,1,214,1203531,16528,1006,0.39385887750000004,0.044273440955837004,0.0124459701215065
16874670,137148,1,214,1225363,17622,2988,0.495,0.12345210205145402,0.506221310168952
16874671,78274,1,214,25191,10370,19,0.2600334495,0.134938022709997,0.0
16874671,78301,1,214,331537,10375,19,0.495,0.14968691769550901,0.640574961217485
16874671,87000,1,214,1101417,11069,1544,0.495,0.30982490022519704,0.357093624281784
16874671,99542,1,214,929443,12984,407,0.495,0.025005775456040227,0.0
16874671,220854,1,214,1557353,23122,2609,0.495,0.34519723565323907,0.0
16874671,269017,1,214,1647612,26949,3718,0.348871446,0.18502967834234302,0.431684557530974
16874672,32529,0,214,257734,4795,172,0.495,0.430592582939169,0.312956555702685
16874672,54978,0,214,982695,7283,1919,0.495,0.318320208730425,0.352204527995858
16874672,67343,0,214,942989,9028,92,0.495,0.351212560482257,0.337843083880021
16874672,149541,0,214,1106570,11201,2670,0.495,0.0287845720724851,0.2707822289001857
16874672,161280,0,214,1363617,19208,1376,0.442744137,0.04966470895035817,0.7688653811685029
16874672,199344,0,214,702289,21209,351,0.495,0.426753850623182,0.41917706888041706
16874673,91797,0,214,1037379,11888,1347,0.495,0.29292734818198995,0.37185430106327794
16874673,107055,0,214,208091,13829,372,0.495,0.401164703638406,0.38338661337950974
16874673,158923,0,214,647796,2236,1309,0.3643003485,0.24123424742368899,0.28068883197574607
16874673,207162,0,214,1367996,23856,17,0.495,0.337326122987407,0.3350036806080667
16874674,20499,2,214,790299,3283,752,0.495,0.03803195402980287,0.2958342434261786
16874674,35316,2,214,890732,5168,1973,0.32889507749999997,0.15029863272524302,0.0
16874674,50762,2,214,972167,6829,1913,0.495,0.10355526277174433,0.0
16874674,61852,2,214,1028750,8243,1797,0.24606623249999998,0.0985077468514996,0.15781269923179533
16874674,85396,2,214,1101631,11072,1438,0.199454706,0.053449618285727994,0.0
16874674,123124,2,214,1228912,15801,2391,0.495,0.1733831059499984,0.0
16874674,142919,2,214,1161170,13675,2391,0.495,0.1272668075524827,0.5009096541290919
16874674,150083,2,214,1358132,19045,1913,0.495,0.25807781983975603,0.0151026835060183
16874674,268629,2,214,1328687,26928,2381,0.16713521550000002,0.019124295484753,0.0
16874675,146290,1,214,821627,8336,1634,0.35585505450000005,0.140531235804624,0.417022171389077
16874675,153164,1,214,1137800,16360,1650,0.2606830875,0.10450690488371801,0.46641630742028295
16874675,181003,1,214,1154355,21852,296,0.3295447155,0.142389849753964,0.4289704251458247
16874675,228800,1,214,1573124,25160,718,0.495,0.1973866573589385,0.595381208983103
16874676,87269,1,38,1110172,11307,1752,0.495,0.13668889580320823,0.2085328204997475
16874676,89522,1,38,228823,11422,580,0.495,0.241384737310654,0.24305054271128798
16874676,100855,1,38,1097662,13116,1222,0.495,0.1491311486093193,0.23997939738662535
16874676,140423,1,38,1319801,17970,2182,0.495,0.1569101475456356,0.2771373648616363
16874676,163139,1,38,1360929,20430,3351,0.495,0.24975397323395815,0.2484362775423485
16874676,326737,1,38,1379561,29144,2348,0.20773759049999999,0.33743004871590004,0.214850161504542
16874677,69209,1,214,848902,9272,2151,0.254998755,0.01760915357207505,0.0
16874677,129491,1,214,1060089,10790,1593,0.495,0.24479621271373297,0.203818477105146
16874677,173393,1,214,1387612,21143,2876,1.0,0.0427706695058512,0.0
16874677,173403,1,214,1387632,21143,2876,1.0,0.09277430511887196,0.0
16874677,309867,1,214,1681648,28793,1985,0.35731674,0.10321583839147709,0.3053040394603398
16874678,80485,1,214,1089819,10601,92,0.495,0.28103315703584303,0.334066423219182
16874678,174546,1,214,1439845,21331,2151,0.495,0.00858781469581116,0.323083422432848
16874678,175359,1,214,967726,20421,1386,0.41854512150000006,0.253295966074343,0.23705631126967602
16874678,201510,1,214,1513665,18148,2691,0.495,0.03802158455681597,0.6287638655179352
16874679,7343,1,214,340745,1444,172,0.495,0.35860717309688794,0.2204138214785425
16874679,137124,1,214,1225364,17621,2988,0.495,0.31930762437989696,0.513560925099519
16874679,147706,1,214,954430,10363,2603,0.495,0.270512511006715,0.21910746132298
16874679,304154,1,214,1692948,939,283,0.1560913695,0.0285355159155608,0.6057029124863296
16874680,255276,1,214,1625264,25782,1510,0.3246724305,0.0843432202808121,0.8121998555131321
16874680,278453,1,214,1414815,27454,2713,0.495,0.309797067705098,0.3733974565582742
16874680,287157,1,214,1575164,19428,1834,0.18386339399999999,0.0474134950871097,0.5504824913121615
16874680,331398,1,214,1019847,14496,446,0.495,0.430375751934231,0.277680611756755
16874681,167552,0,214,1254178,19474,14,0.495,0.038795910945087275,0.41279637222192794
16874681,308610,0,214,1712989,2668,580,0.495,0.23978211856301435,0.4018329672689216
16874681,328479,0,214,1760291,28467,2079,0.495,0.055370838624855645,0.28648887248183097
16874681,329242,0,214,1315187,1011,314,0.495,0.28758857349200895,0.332543038231359
16874682,26894,0,214,840536,4080,16,0.495,0.032780035067602284,0.461154530430783
16874682,32482,0,214,865746,3447,141,0.3279206205,0.18945323070131198,0.222944036283349
16874682,64655,0,214,1031141,8633,1703,0.495,0.365898150036542,0.4516659272216523
16874682,129002,0,214,1272523,16557,2713,0.495,0.324210355100024,0.31754748604279054
16874682,150083,0,214,1358132,19045,1913,0.495,0.25807781983975603,0.0151026835060183
16874682,159776,0,214,1397696,4080,16,0.15381763649999997,0.022130825396825343,0.5585243035688017
16874682,187983,0,214,1468750,22382,1055,0.19669374450000002,0.018524488728229076,0.271289746579306
16874682,221782,0,214,647796,2236,1309,0.3643003485,0.24123424742368899,0.28068883197574607
16874682,281284,0,214,377783,935,150,0.5,0.00821068398607761,0.2882227233146326
16874682,327053,0,214,1086095,24079,1570,0.452488707,0.259673520171615,0.7572593436006351
16874683,119097,1,214,1205359,14180,2694,0.2538618885,0.022630681785984808,0.38781393254775076
16874683,142607,1,214,1328059,18215,1977,0.495,0.1696600733081129,0.2671965499191953
16874684,70657,2,214,1030035,8347,1438,0.28309559850000005,0.120303879708356,0.16781993842835002
16874684,149541,2,214,1106570,11201,2670,0.495,0.0287845720724851,0.2707822289001857
16874684,151848,2,214,1351150,19300,3190,0.256298031,0.0853209389215832,0.12922155542292402
16874684,158271,2,214,691081,20029,3251,0.353743731,0.20096634510954298,0.340574886809647
16874684,160756,2,214,1271578,20224,2352,0.495,0.1865480254984918,0.2843307486778867
16874684,182327,2,214,1457440,21986,3200,0.288779931,0.01368696262927884,0.567247761986199
16874684,274760,2,214,1109919,27236,3829,0.2457414135,0.11509501110662401,0.11623621591421308
16874684,288385,2,214,1301965,17295,1701,0.495,0.36538563262057,0.736374189299779
16874685,116192,2,214,1133290,14929,2804,0.22820118749999996,0.117708551315902,0.20736365314838198
16874685,168121,2,214,1325405,18043,3183,0.495,0.08400218315929865,0.26925515448121484
16874685,171007,2,214,1427031,20994,2957,0.2187814365,0.2124911844139994,0.36526932126938894
16874685,191373,2,214,1478793,22676,3264,0.495,0.05235961713353339,0.0
16874686,17150,0,214,744618,2234,1475,0.219268665,0.0272305856394687,0.0
16874686,68766,0,214,1059137,9151,1977,0.4058771805,0.154344475069975,0.2738429500451446
16874686,153169,0,214,1137800,12672,1650,0.2606830875,0.10450690488371801,0.46641630742028295
16874686,169744,0,214,1211940,16046,1650,0.2561356215,0.11192548965425099,0.7491093255196224
16874686,179761,0,214,1452081,21805,1055,0.1466716185,0.0097888795031154,0.0
16874686,215394,0,214,1546499,24387,2844,0.1648614825,0.0191097360391173,0.255420424695516
16874686,240836,0,214,747296,25854,1809,0.495,0.40925186387779705,0.3252806204183833
16874686,263011,0,214,1341800,25671,53,0.2022156675,0.0881097484569913,0.419734259846683
16874686,328480,0,214,1760291,28467,2079,0.495,0.055370838624855645,0.28648887248183097
16874687,89725,1,214,875012,11621,1286,0.19165904999999997,0.0382002101222811,0.3004602822267445
16874687,92759,1,214,1128271,12010,2722,0.2886175215,0.10717182717277199,0.317682192234255
16874687,153193,1,214,1233659,19459,2808,0.495,0.21218393674074107,0.20150183826947
16874687,193713,1,214,1130922,12149,2747,0.492766263,0.26174073988289603,0.201866920516892
16874687,268548,1,214,1377696,26597,555,0.495,0.263319495503145,0.3648454851464717
16874688,111031,1,214,1172392,14306,1627,0.3685229955,0.20034930640702103,0.272546742409163
16874688,116148,1,214,393819,2359,916,0.204002172,0.104498405050975,0.752378317745229
16874688,208262,1,214,1527502,23946,1977,0.495,0.03655311204777534,0.2718931065948748
16874688,242495,1,214,1158814,25899,2874,0.267991515,0.10449816374900199,0.240989398101842
16874689,25289,0,38,829384,3836,832,0.495,0.03508693299986722,0.0
16874689,53308,0,38,967091,2507,617,0.495,0.15867492386563098,0.0
16874689,103790,0,38,1156508,13449,2555,0.2558108025,0.028524891659214024,0.278725086856651
16874689,137758,0,38,1313905,17695,2222,0.495,0.44264320152110903,0.583225077152589
16874689,278254,0,38,1667888,27429,210,0.37485696599999996,0.02973512888996605,0.295014314371551
16874689,278315,0,38,1668017,27444,210,0.37485696599999996,0.02973513104466589,0.295014314371551
16874690,31367,1,214,861466,4673,1774,0.313790994,0.185034570908393,0.0146912054621253
16874690,125948,1,214,1223444,15641,2151,0.495,0.38575483983398995,0.264680962530075
16874690,220703,1,214,1167035,24737,3710,0.319637736,0.025656353762639493,0.557120157060547
16874691,4584,1,214,399297,77,53,0.18564989850000002,0.0412919320528814,0.23546014508876667
16874691,147993,1,214,929998,12029,486,0.495,0.37323816410624394,0.60448840769347
16874691,173400,1,214,1387632,21143,2876,1.0,0.09277430511887196,0.0
16874691,225450,1,214,1155229,25012,2871,0.21780697950000003,0.05075032586468455,0.9164277292074481
16874691,328019,1,214,1128842,22843,2768,0.5,0.01800653497044213,0.0
16874692,171595,1,214,1271669,21053,370,0.495,0.24805486480627398,0.2803867101788677
16874692,173403,1,214,1387632,21143,2876,1.0,0.09277430511887196,0.0
16874692,176690,1,214,1445982,21528,613,0.495,0.21518339240145884,0.172996418207012
16874692,212004,1,214,1536354,24197,2349,0.36576203400000007,0.21907991318441897,0.267725433196822
16874693,37884,1,214,902379,5336,53,0.1655111205,0.0504661724349116,0.6712793288881489
16874693,236089,1,214,1591646,25584,2010,0.495,0.034431260897359275,0.215194623003146
16874693,305866,1,214,1709363,28584,899,0.495,0.04048315498743017,0.3635607908585963
16874694,48187,1,214,964140,6544,1823,0.138713553,0.0287844265570839,0.0
16874694,50861,1,214,971212,6787,2169,0.495,0.37794928047967097,0.36319146900280197
16874694,65119,1,214,1043039,8711,1919,0.18370098450000003,0.0853187631022152,0.5460157655003175
16874694,78098,1,214,205960,10335,19,0.442744137,0.08107965656495772,0.15630111099743701
16874694,120743,1,214,1116986,15431,769,0.495,0.39113942866031104,0.280951353134529
16874694,143302,1,214,1085937,12743,2563,0.495,0.36315876343741604,0.4450752022450756
16874695,99542,1,214,929443,12984,407,0.495,0.025005775456040227,0.0
16874695,164299,1,214,1408591,20544,1031,0.495,0.40891842315368704,0.0
16874695,173400,1,214,1387632,21143,2876,1.0,0.09277430511887196,0.0
16874695,306652,1,214,1710488,28643,1684,0.495,0.19769922857258315,0.669343660770781
16874696,18049,0,214,753513,751,425,0.495,0.038635500048269385,0.29657983374224
16874696,61941,0,214,1017869,8267,2413,0.2447669565,0.104496528254428,0.7955491638705485
16874696,81182,0,214,838557,10684,1955,0.495,0.034953126629255316,0.4305639983785674
16874696,85983,0,214,1101404,11068,1544,0.495,0.30982490022519704,0.358343828710323
16874696,142690,0,214,1154315,18088,2865,0.495,0.1679708433371384,0.3829043188360991
16874696,167898,0,214,1362318,19183,2407,0.1453723425,0.012951722040752124,0.241488482402858
16874696,188282,0,214,1469901,22430,2865,0.345298437,0.18146932013077802,0.230001233775005
16874696,247683,0,214,1109881,26080,2874,0.495,0.37690358447633,0.21535065649405552
16874696,257975,0,214,299783,26528,102,0.182564118,0.017823213719904123,0.214041181618416
16874696,260720,0,214,1312634,26642,2754,0.495,0.210129016493896,0.27692074205804673
16874697,116148,1,214,393819,2359,916,0.204002172,0.104498405050975,0.752378317745229
16874697,182822,1,214,1458408,5125,628,0.495,0.03115786992210579,0.584960354320509
16874697,327107,1,214,1163344,14167,1570,0.46905447599999994,0.257836885389698,0.528584260677998
16874698,180693,2,214,1151028,674,769,0.495,0.13583847552329098,0.28608656441925606
16874698,234445,2,214,1586187,25475,210,0.495,0.29069090709552053,0.2702920610204749
16874698,293178,2,214,1693227,22416,91,0.495,0.031619846057971454,0.487349140386778
16874698,325714,2,214,1750757,29092,3922,0.495,0.1749274497644074,0.35862171177807706
16874699,63341,0,38,796753,3305,1726,0.15235595100000002,0.010305164345161872,0.270479875448379
16874699,68746,0,38,874654,5043,1726,0.165348711,0.0936460151010986,0.211841276201485
16874699,91810,0,38,1123183,11831,752,0.495,0.457679281860957,0.3357503706997148
16874699,137758,0,38,1313905,17695,2222,0.495,0.44264320152110903,0.583225077152589
16874699,166728,0,38,847261,20641,1920,0.495,0.041717237995340446,0.47264757401566804
16874699,177182,0,38,1139308,6784,1043,0.495,0.15341779667104216,0.406431229787436
16874700,29281,1,214,690073,4488,19,0.45914749650000003,0.28021683610519504,0.033303334387412696
16874700,213828,1,214,1542848,24337,3279,0.34123819950000006,0.19541036949982998,0.4662511882041255
16874700,250956,1,214,1083868,10356,555,0.495,0.32178834986857296,0.470555200268038
16874700,269017,1,214,1647612,26949,3718,0.348871446,0.18502967834234302,0.431684557530974
16874701,13471,0,16,513537,2422,696,0.495,0.38689067662148496,0.2528976548638597
16874701,152843,0,16,1324979,18105,3186,0.495,0.030695832887809582,0.0
16874701,252928,0,16,916726,26324,2033,0.495,0.09811387264234023,0.2640623207577595
16874702,12274,0,214,408808,2211,150,0.5,0.0534534506405041,0.0
16874702,45192,0,214,953930,6296,1594,0.495,0.11934419617066555,0.4686805193926733
16874702,83658,0,214,992370,7283,1919,0.495,0.318320208730425,0.352204527995858
16874702,88761,0,214,1091687,11478,2639,0.495,0.30118858976813,0.32790794650127303
16874702,138353,0,214,786803,17762,1703,0.495,0.20879823822580756,0.531318629705016
16874702,155236,0,214,477813,17033,3098,0.25516116450000004,0.0958542453494976,0.00128334752951516
16874703,55939,0,214,208091,4553,372,0.495,0.401164703638406,0.38338661337950974
16874703,151028,0,214,1270285,18075,865,0.4088005515,0.08299363930221049,0.09344524447501991
16874703,153168,0,214,1137800,12672,1650,0.2606830875,0.10450690488371801,0.46641630742028295
16874703,163305,0,214,1409676,20464,1450,0.342699885,0.174397089204359,0.25088375460122303
16874703,190062,0,214,1172584,15214,1650,0.23713371,0.0739871756453852,0.6830640458208279
16874703,196882,0,214,1109881,23013,2656,0.495,0.37690358447633,0.21535065649405552
16874703,199447,0,214,1098103,10945,1919,0.495,0.36762098266465904,0.351282799598198
16874703,228959,0,214,1141938,25174,2712,0.495,0.24839139813789574,0.3468919130517686
16874704,84109,1,187,1086891,10957,1753,0.495,0.250172185265534,0.2947409465323002
16874704,124583,1,187,1247333,15997,1754,0.495,0.1613582914131938,0.4430799313803313
16874704,136458,1,187,1308620,5203,2030,0.1937703735,0.0234611763043979,0.5279856601404279
16874705,140897,1,38,1322901,6202,83,0.30161028149999997,0.092674895681492,0.23136125261016022
16874705,141374,1,38,1324735,18099,1222,0.495,0.2351873584350147,0.23201687586691297
16874705,237858,1,38,1596619,25733,1960,0.495,0.03073743175891377,0.33733485865869367
16874706,43698,1,55,870434,4593,1810,0.495,0.20748335481153693,0.33470623214339934
16874706,84109,1,55,1086891,10957,1753,0.495,0.250172185265534,0.2947409465323002
16874706,155958,1,55,1387650,19812,1754,0.495,0.15866407174917818,0.28740866026242873
16874706,156050,1,55,1387776,19818,1752,0.4039282665,0.17470375591594403,0.5565416357221821
16874707,99512,2,214,1148003,12975,1555,0.495,0.15617999529437168,0.25523160453970484
16874707,190567,2,214,1331178,22643,2426,0.495,0.22086574490544103,0.27475826949919463
16874707,281443,2,214,1626218,26418,1544,0.381353346,0.0231234472882057,0.25748370697594103
16874708,252432,0,214,1217664,26317,2926,0.495,0.05824654148864985,0.6137269258472171
16874708,261147,0,214,1494371,25885,112,0.46515664799999995,0.07873368674698787,0.5849291269517469
16874709,86683,0,214,1106570,11201,2670,0.495,0.0287845720724851,0.2707822289001857
16874709,97535,0,214,1140373,2424,1256,0.495,0.351655871898468,0.23213222127448999
16874709,132720,0,214,1293199,3643,1644,0.495,0.5964992399210319,0.36555672513017046
16874709,190048,0,214,1464512,22290,218,0.138713553,0.34025020172560605,0.5299068206410286
16874709,285724,0,214,1563429,27871,1218,0.495,0.24862785770959,0.0070956384377241595
16874710,73148,0,214,1071011,696,784,0.199779525,0.01720436634478335,0.448515718903644
16874710,103319,0,214,1155502,13390,741,0.495,0.15996374478170602,0.26762261512042734
16874710,159345,0,214,1346973,13468,1639,0.495,0.35361456910939904,0.0
16874711,3834,1,214,279232,762,172,0.495,0.424826242941769,0.26483827716241104
16874711,132780,1,214,1203531,16528,1006,0.39385887750000004,0.044273440955837004,0.0124459701215065
16874711,150442,1,214,954430,12806,2603,0.495,0.270512511006715,0.21910746132298
16874711,235447,1,214,1377696,11654,555,0.495,0.263319495503145,0.3648454851464717
16874712,91621,1,214,874273,9566,95,0.301772691,0.025366254304761075,0.5659729885500755
16874712,95019,1,214,1134179,62,32,0.495,0.047306978480856264,0.216664535812442
16874712,114726,1,214,977895,11747,2277,0.495,0.13024926041744614,0.25802896029747313
16874712,176570,1,214,1445695,21510,472,0.40165453349999997,0.221119380076228,0.20090894950978197
16874712,189470,1,214,370833,20921,38,0.244604547,0.114038897077982,0.22334276657597502
16874713,136937,1,214,1312695,17582,2151,0.495,0.356704873083252,0.3222567664899046
16874713,163112,1,214,1409140,20398,2862,0.495,0.046782494231256674,0.26856018395234904
16874713,230980,1,214,1380590,19614,2151,0.495,0.5090341594095771,0.587611555986163
16874713,269017,1,214,1647612,26949,3718,0.348871446,0.18502967834234302,0.431684557530974
16874713,279992,1,214,1671761,27576,2589,0.27741126600000005,0.17794989668312802,0.1081365408620228
16874714,68289,1,214,1057848,7625,2180,0.27383825700000003,0.0563896265266872,0.5921139985570038
16874714,181548,1,214,1455026,21917,3277,0.335229048,0.09883110821924747,0.5349402682418986
16874714,198151,1,214,1387840,22843,2768,0.186461946,0.0881071667791151,0.0
16874714,202857,1,214,1128935,23482,3426,0.2606830875,0.0963774665930835,0.0
16874715,93787,2,214,1130406,4080,16,0.16080124499999998,0.0248384768748196,0.436870090305704
16874715,148135,2,214,478325,16554,102,0.159501969,0.01562115296417157,0.22669560697492602
16874715,169925,2,214,676927,20877,566,1.0,0.011915351564816474,0.528456956567695
16874715,285834,2,214,1117317,27878,1218,0.495,0.11051175136271371,0.6812979063303326
16874716,97527,1,214,821497,12649,629,0.495,0.413506311859491,0.40142160818636974
16874716,135027,1,214,1302969,17349,591,0.495,0.1193103280104265,0.4598901286401887
16874717,50452,2,214,906372,5412,551,0.4669431525,0.22821187541177998,0.270224292185117
16874717,51955,2,214,971259,6797,551,0.40831332299999995,0.08791134017505865,0.301416635894878
16874717,139059,2,214,1317916,17510,2812,0.203352534,0.0458298470935137,0.200913136890522
16874717,160756,2,214,1271578,20224,2352,0.495,0.1865480254984918,0.2843307486778867
16874717,179034,2,214,1351158,21726,3190,0.23697130049999998,0.0652988137823626,0.0
16874717,315610,2,214,1312634,28895,3922,0.495,0.210129016493896,0.27692074205804673
16874718,106734,1,214,1150298,4575,1485,0.495,0.30784051688900205,0.29319455284848933
16874718,173398,1,214,1156616,21143,2876,0.4744139895,0.220883916076275,0.20517612135505703
16874718,198146,1,214,1128839,22843,2768,0.5,0.076841490804409,0.52629985386995
16874718,225447,1,214,1155229,25012,2871,0.21780697950000003,0.05075032586468455,0.9164277292074481
16874718,225454,1,214,1155230,25012,2871,0.3964574295,0.20311275214623,0.838434253702591
16874719,20780,1,100,445921,2998,563,0.34416157049999996,0.06518005130855525,0.41455603492178095
16874719,23035,1,100,780345,2998,563,0.495,0.05029015154012208,0.508613853240641
16874719,60620,1,100,993340,8101,681,0.495,0.17845843553509774,0.12682318163546807
16874719,60624,1,100,705125,1396,681,0.41269837950000005,0.09582715819237894,0.475663570033953
16874719,231146,1,100,1579107,2998,563,0.495,0.04012964454976296,0.44883995238380264
16874719,238433,1,100,1598289,25757,3803,0.166647987,0.0768465004559256,0.22860853350302104
16874720,42262,0,214,907915,30,27,0.28163391299999996,0.117264971543453,0.349722499296389
16874720,133751,0,214,925820,17158,3001,0.495,0.03796187661258779,0.49711786353583354
16874720,173005,0,214,1031141,21149,1703,0.495,0.365898150036542,0.4516659272216523
16874720,239982,0,214,1447332,25665,53,0.2632816395,0.11710442186757598,0.5318119330448755
16874720,263004,0,214,1341800,25666,53,0.2022156675,0.0881097484569913,0.419734259846683
16874720,327661,0,214,1757087,28027,679,0.495,0.0436401507260631,0.42665620288638706
16874721,141594,1,214,1298104,17156,805,0.495,0.245827399287807,0.0
16874721,173384,1,214,947798,21238,2169,0.495,0.43547088945533097,0.39011394454546
16874721,269017,1,214,1647612,26949,3718,0.348871446,0.18502967834234302,0.431684557530974
16874722,26888,2,38,841654,3753,2264,0.332630496,0.17083778626760698,0.0
16874722,50222,2,38,970565,6757,1462,0.14553475200000002,0.0188087530476405,0.0
16874722,57976,2,38,927650,5833,1268,0.495,0.42382339984017,0.22727554465568398
16874722,90012,2,38,1117722,11662,1450,0.38931141150000004,0.236371350894434,0.29551413712894503
16874722,126699,2,38,1172118,16224,1644,0.495,0.20976735160444968,0.3283012698963385
16874722,133051,2,38,757886,10823,1555,0.495,0.09505397415309198,0.2837408198951283
16874722,173130,2,38,1302484,21210,2769,0.495,0.192142211585835,0.2357253731546805
16874722,210518,2,38,1533412,24080,3200,0.495,0.266791357309534,0.24697946488447053
16874723,48108,2,214,962563,1895,1352,0.3886617734999999,0.02021589350161025,0.2903678256713363
16874723,86683,2,214,1106570,11201,2670,0.495,0.0287845720724851,0.2707822289001857
16874723,124702,2,214,542133,16015,689,0.495,0.1846688127693224,0.922015404312392
16874723,330189,2,214,1765521,29255,4022,0.495,0.02806239944945782,0.7780390298377049
16874724,95680,1,214,1136746,12400,2151,0.495,0.16651376065925758,0.283627556697865
16874724,161997,1,214,1405160,20326,1863,0.495,0.11859081912267698,0.3185198067922344
16874724,201649,1,214,1172584,15215,1650,0.23713371,0.0739871756453852,0.6830640458208279
16874724,213047,1,214,1535867,1648,53,0.1934455545,0.0451690338769948,0.327246966148431
16874725,6697,1,214,478211,662,483,0.495,0.027406787821398493,0.0
16874725,114266,1,214,1180828,14696,718,0.495,0.325932723308192,0.28801810308937353
16874725,117198,1,214,648850,724,377,0.443068956,0.08053173467811643,0.235882239642322
16874725,304154,1,214,1692948,939,283,0.1560913695,0.0285355159155608,0.6057029124863296
16874726,129262,0,214,1130038,12085,2579,0.24704068950000002,0.030039232563975234,0.758227665300006
16874726,141532,0,214,1321898,18120,2714,0.253049841,0.0768466999026755,0.285250767110118
16874726,258548,0,214,1630865,26580,2616,0.495,0.04701154038509204,0.0
16874726,328463,0,214,1760291,28467,2079,0.495,0.055370838624855645,0.28648887248183097
16874727,164423,2,214,1411641,20557,2812,0.21488360850000002,0.0256209575808937,0.666044035247731
16874727,187246,2,214,1458923,22079,1289,0.495,0.09370181026450966,0.25749272509855614
16874727,188280,2,214,1469901,22430,2865,0.345298437,0.18146932013077802,0.230001233775005
16874727,196686,2,214,1149272,21142,1927,0.495,0.21271699609275604,0.835144756829792
16874727,211592,2,214,1535449,24176,2352,0.495,0.17060359816822881,0.40620944314348095
16874727,289907,2,214,1688648,28060,3899,0.26458091549999996,0.125446700410396,0.0
16874728,36659,0,214,899984,328,425,0.495,0.04795116219059217,0.37880490840607906
16874728,179727,0,214,1452000,10621,450,0.229013235,0.12171162441058699,0.5766912785996721
16874728,259370,0,214,1109881,26619,3829,0.495,0.37690358447633,0.21535065649405552
16874729,14120,1,214,700394,2496,1222,0.495,0.392410932657281,0.2604398551642905
16874729,68289,1,214,1057848,7625,2180,0.27383825700000003,0.0563896265266872,0.5921139985570038
16874729,187797,1,214,1116986,15431,769,0.495,0.39113942866031104,0.280951353134529
16874729,233879,1,214,1584889,24890,295,0.2613327255,0.144194778260088,0.8351568090366659
16874729,250239,1,214,964310,25641,2348,0.3110300325,0.0610352912982475,0.540938292596777
16874729,268786,1,214,1646935,26945,210,0.2051390385,0.013615983181785536,0.6340222564066961
16874730,100945,1,214,1050787,13140,407,0.495,0.24243608338139,0.0
16874730,132913,1,214,1021154,16925,3074,0.495,0.2082415826681067,0.27818721732966
16874730,151213,1,214,972591,19233,1992,0.495,0.375503390249976,0.343478919851714
16874730,158312,1,214,827087,20040,2151,0.33750278100000003,0.20451169853616602,0.245445730578198
16874731,29282,1,214,690073,4488,19,0.45914749650000003,0.28021683610519504,0.033303334387412696
16874731,59605,1,214,927646,7978,1521,0.495,0.17738958731205443,0.168560721045719
16874731,89726,1,214,875012,11621,1286,0.19165904999999997,0.0382002101222811,0.3004602822267445
16874731,187797,1,214,1116986,15431,769,0.495,0.39113942866031104,0.280951353134529
16874731,198125,1,214,1387843,22843,2768,0.3155774985,0.08214435674482028,0.0
16874731,220854,1,214,1557353,23122,2609,0.495,0.34519723565323907,0.0
16874732,41554,1,214,928238,5835,1973,0.2480151465,0.030011000400281037,0.52420589172398
16874732,106819,1,214,1163396,13790,2869,0.495,0.04986926199477042,0.2955998130608882
16874732,129071,1,214,1273674,16573,3037,0.495,0.28708748910388804,0.28612923848719096
16874732,191025,1,214,1182296,22674,1031,0.495,0.30388286860066405,0.3019088319503947
16874733,131881,1,214,1289593,16931,718,0.495,0.282879668907722,0.13842910147829343
16874733,135027,1,214,1302969,17349,591,0.495,0.1193103280104265,0.4598901286401887
16874733,137128,1,214,1225364,17621,2988,0.495,0.31930762437989696,0.513560925099519
16874733,150442,1,214,954430,12806,2603,0.495,0.270512511006715,0.21910746132298
16874734,86683,2,214,1106570,11201,2670,0.495,0.0287845720724851,0.2707822289001857
16874734,106882,2,214,1160132,13809,2110,0.495,0.460554397923413,0.4382259643667745
16874734,288396,2,214,1301965,17295,1701,0.495,0.36538563262057,0.736374189299779
16874735,111199,0,214,1174115,14329,2844,0.26246959200000003,0.019136418652847566,0.279392095442396
16874735,142428,0,214,1327484,18199,1955,0.495,0.03720955102711776,0.34188785385757803
16874735,148136,0,214,478325,16554,102,0.159501969,0.01562115296417157,0.22669560697492602
16874735,149449,0,214,1271669,18983,370,0.495,0.24805486480627398,0.2803867101788677
16874735,188894,0,214,1359977,22481,3017,0.495,0.281906527544615,0.23625450382315402
16874735,328479,0,214,1760291,28467,2079,0.495,0.055370838624855645,0.28648887248183097
16874736,82218,2,214,1029733,8273,2238,0.495,0.2131630092863732,0.32038604620488165
16874736,83658,2,214,992370,7283,1919,0.495,0.318320208730425,0.352204527995858
16874736,87548,2,214,1087115,10523,2238,0.495,0.21619138106534583,0.4555043300855429
16874736,140942,2,214,1183136,18034,102,0.218943846,0.10414743651778201,0.20160603111657602
16874736,274766,2,214,1109919,27238,3829,0.2457414135,0.11509501110662401,0.11623621591421308
16874737,38762,2,214,871297,4932,1438,0.2824459605,0.0975655143775616,0.0
16874737,66758,2,214,1051283,8949,555,0.495,0.0511328084778101,0.48611577749010293
16874737,126860,2,214,348096,16248,473,0.495,0.19551324717534935,0.411059399986982
16874737,132936,2,214,821432,16333,464,0.495,0.29204591220439696,0.29803838651387926
16874737,160754,2,214,1271578,20224,2352,0.495,0.1865480254984918,0.2843307486778867
16874737,195273,2,214,1487909,18561,3220,0.3123293085,0.029560718346252457,0.0
16874737,211592,2,214,1535449,24176,2352,0.495,0.17060359816822881,0.40620944314348095
16874737,259370,2,214,1109881,26619,3829,0.495,0.37690358447633,0.21535065649405552
16874737,328480,2,214,1760291,28467,2079,0.495,0.055370838624855645,0.28648887248183097
16874738,16019,0,214,719910,859,744,0.19328314500000002,0.0534531759787326,0.8043107813057829
16874738,83656,0,214,1075164,9945,1919,0.495,0.41468736292289005,0.396872129685781
16874738,86615,0,214,1106695,8746,1206,0.39661983900000003,0.192411733182512,0.001374391727776525
16874738,152252,0,214,1369437,19344,2144,0.276436809,0.0424676878714481,0.252960033595522
16874738,166395,0,214,1274274,20609,2815,0.280009818,0.06126111315765473,0.210983068236872
16874738,166714,0,214,1415433,15866,162,0.23388552,0.027124119246266464,0.412122899596526
16874738,246285,0,214,1609808,26032,2848,0.495,0.04457172664981702,0.4973913086539528
16874738,285721,0,214,1563429,27871,1218,0.495,0.24862785770959,0.0070956384377241595
16874738,298446,0,214,1312634,28343,3922,0.495,0.210129016493896,0.27692074205804673
16874739,42262,0,214,907915,30,27,0.28163391299999996,0.117264971543453,0.349722499296389
16874739,173005,0,214,1031141,21149,1703,0.495,0.365898150036542,0.4516659272216523
16874739,235104,0,214,1587377,25526,2407,0.15138149399999998,0.0381997685593293,0.0
16874740,120172,1,214,1207456,13941,2212,0.495,0.219701244885085,0.0
16874740,137262,1,214,1143325,17639,2807,0.495,0.2928362425719669,0.4299808609494839
16874740,140423,1,214,1319801,17970,2182,0.495,0.1569101475456356,0.2771373648616363
16874740,166746,1,214,695715,20405,3251,0.2538618885,0.0704586236627284,0.2792606990609326
16874740,214226,1,214,1420683,20773,1863,0.495,0.36339020432496294,0.3382341885314781
16874741,43546,1,214,943217,6113,2043,0.495,0.49669548086394705,0.3835218096278452
16874741,122917,1,214,1227593,245,232,0.36170179650000006,0.0336185515811354,0.335795249326425
16874741,133650,1,214,1297808,16636,380,0.2824459605,0.016496630218210927,0.4187154610748285
16874741,136598,1,214,1309954,17532,2800,0.1759053285,0.0652986595730902,0.6856777275988362
16874741,155560,1,214,1386371,16636,380,0.246553461,0.018583604603339843,0.29367178392113297
16874741,321793,1,214,1746388,5125,628,0.495,0.029614787849146156,0.8241339484241021
16874742,20789,0,38,793419,3325,1462,0.2343727485,0.10717182717277199,0.0
16874742,41429,0,38,927622,4870,2177,0.2964131775,0.022262088960150677,0.0
16874742,74314,0,38,940329,6294,1791,0.495,0.36091069293189704,0.22289900877368699
16874742,103790,0,38,1156508,13449,2555,0.2558108025,0.028524891659214024,0.278725086856651
16874742,143176,0,38,1330977,18292,1450,0.2642560965,0.142360510714904,0.22047355061516102
16874742,252928,0,38,916726,26324,2033,0.495,0.09811387264234023,0.2640623207577595
16874743,153784,1,214,1378984,19575,1665,0.25516116450000004,0.0115170525694638,0.0
16874743,225438,1,214,1155224,25012,2871,0.2688035625,0.12288497515275301,0.3907733005366555
16874744,38770,0,214,874764,5493,351,0.495,0.47341394876061604,0.14085662718271158
16874744,41399,0,214,927377,2423,1256,0.495,0.3785395492035471,0.23301581816813602
16874744,173006,0,214,1031141,21149,1703,0.495,0.365898150036542,0.4516659272216523
16874744,254342,0,214,1318774,26353,17,0.495,0.420780615086445,0.495464296026621
16874745,65117,1,214,1043039,8711,1919,0.18370098450000003,0.0853187631022152,0.5460157655003175
16874745,95558,1,214,1037508,12374,407,0.495,0.03795164344995327,0.0
16874745,105671,1,214,1160878,13667,290,0.495,0.4245391252454229,0.4219342672910886
16874745,130848,1,214,1261585,16811,1813,0.22511540700000002,0.0768454177434939,0.0
16874745,134756,1,214,1302149,16340,1722,0.3659244435,0.026756680539515385,0.0
16874745,141433,1,214,1325421,18107,2151,0.495,0.426440742092597,0.4766364858506535
16874745,148523,1,214,898860,18789,2635,0.261170316,0.14011076143638,0.0
16874745,155956,1,214,1387650,19812,1754,0.495,0.15866407174917818,0.28740866026242873
16874745,158344,1,214,984694,20051,2151,0.495,0.423860603363296,0.611944451620674
16874745,244689,1,214,1606426,25966,1510,0.342375066,0.15680836271267998,0.554888478825164
16874746,81656,1,187,1094108,10740,2391,0.42357981599999994,0.19814173988728304,0.14108661865871167
16874746,84109,1,187,1086891,10957,1753,0.495,0.250172185265534,0.2947409465323002
16874746,173551,1,187,1436303,8079,2030,0.2301501015,0.01824365972399505,0.5991648423349923
16874747,95725,1,214,1136820,12404,2151,0.495,0.26788680141522386,0.30889967186502415
16874747,122736,1,214,208091,15702,372,0.495,0.401164703638406,0.38338661337950974
16874747,141374,1,214,1324735,18099,1222,0.495,0.2351873584350147,0.23201687586691297
16874747,181548,1,214,1455026,21917,3277,0.335229048,0.09883110821924747,0.5349402682418986
16874747,201649,1,214,1172584,15215,1650,0.23713371,0.0739871756453852,0.6830640458208279
16874748,18809,1,214,773630,157,45,0.3623514345,0.185156909199392,0.24066768341786102
16874748,215848,1,214,1377637,24413,1863,0.495,0.328448143250672,0.2921096691861705
16874749,108236,1,38,1166731,13971,83,0.261495135,0.031942023714470434,0.250671823043892
16874749,108851,1,38,1158500,14039,83,0.2532122505,0.01893849889455903,0.284626266397097
16874749,140555,1,38,1146095,17992,1752,0.495,0.12936686985311402,0.2592024575140901
16874749,162594,1,38,1404999,20337,3330,0.495,0.28533129928573103,0.0115567034899547
16874749,220323,1,38,1554967,24704,2718,0.30632015700000004,0.182812280737034,0.0
16874749,230760,1,38,1130922,25027,2747,0.492766263,0.26174073988289603,0.201866920516892
16874750,31367,1,214,861466,4673,1774,0.313790994,0.185034570908393,0.0146912054621253
16874750,125948,1,214,1223444,15641,2151,0.495,0.38575483983398995,0.264680962530075
16874750,335486,1,214,1376276,29432,4033,0.4513518405,0.18724836794206304,0.6365425301153831
16874751,51390,2,214,798107,3394,554,0.495,0.05610954378237242,0.028234878554247594
16874751,75240,2,214,1075164,9945,1919,0.495,0.41468736292289005,0.396872129685781
16874751,76816,2,214,824972,10203,1927,0.495,0.2933214898972885,0.7921542568497301
16874751,88711,2,214,1098103,10945,1919,0.495,0.36762098266465904,0.351282799598198
16874751,92115,2,214,1120766,11946,2741,0.495,0.348550428176174,0.6306939683425999
16874751,188191,2,214,1469611,22423,2762,0.379404432,0.024318065503002757,0.54520505056639
16874752,45128,1,214,902502,5336,53,0.162750159,0.0240384845848676,0.6712793288881489
16874752,154114,1,214,1380620,19616,2151,0.495,0.24306314624261513,0.240574304447458
16874752,203689,1,214,1504653,2410,367,0.495,0.31718044652675,0.533741018929932
16874752,233298,1,214,953052,6277,670,0.495,0.29101339206082977,0.3385763460572552
16874753,60620,1,177,993340,8101,681,0.495,0.17845843553509774,0.12682318163546807
16874753,81655,1,177,1094108,10740,2391,0.42357981599999994,0.19814173988728304,0.14108661865871167
16874753,124586,1,177,1247333,15997,1754,0.495,0.1613582914131938,0.4430799313803313
16874754,31367,1,214,861466,4673,1774,0.313790994,0.185034570908393,0.0146912054621253
16874754,125948,1,214,1223444,15641,2151,0.495,0.38575483983398995,0.264680962530075
16874754,220703,1,214,1167035,24737,3710,0.319637736,0.025656353762639493,0.557120157060547
16874755,105397,2,214,1160158,13624,2110,0.495,0.03368986705046694,0.39686719141874155
16874755,209437,2,214,1531229,356,415,0.495,0.0223538458320752,0.784628509370798
16874755,221875,2,214,1135081,7350,1309,0.495,0.04672073736182612,0.479450823631444
16874755,235245,2,214,1088050,25531,2381,0.182564118,0.0350855557377782,0.42390687469623145
16874755,235248,2,214,1089751,25532,2381,0.212772285,0.011114049772540454,0.578102188892848
16874755,249682,2,214,1617964,26160,2804,0.34010133299999995,0.02122953571428571,0.5381502353493851
16874756,83663,1,214,1043039,8711,1919,0.18370098450000003,0.0853187631022152,0.5460157655003175
16874756,158632,1,214,1086095,13005,1570,0.452488707,0.259673520171615,0.7572593436006351
16874756,161014,1,214,737050,20254,517,0.2535370695,0.0293239474752066,0.0
16874756,288008,1,214,1683392,27980,394,0.495,0.043881094115530754,0.3723501023111617
16874757,12980,2,38,694347,2375,368,0.495,0.36677786190651795,0.377659528099338
16874757,65514,2,38,1024353,5988,767,0.15138149399999998,0.0381997153051916,0.293307162576559
16874757,137758,2,38,1313905,17695,2222,0.495,0.44264320152110903,0.583225077152589
16874757,139376,2,38,1318414,17858,2557,0.495,0.33970104627751097,0.2089936441676755
16874757,150656,2,38,725311,2067,1434,0.495,0.19727147959476032,0.2935901739738085
16874757,162130,2,38,1405507,20334,1713,0.495,0.38808947584434705,0.00121548341554764
16874758,60427,2,38,1022753,8081,472,0.495,0.23310593744700397,0.08917894701561953
16874758,70638,2,38,1064280,9428,2435,0.27156452400000003,0.0511948710262496,0.0
16874758,76816,2,38,824972,10203,1927,0.495,0.2933214898972885,0.7921542568497301
16874758,150985,2,38,1158823,19206,2028,0.495,0.199983924603494,0.0
16874758,173130,2,38,1302484,21210,2769,0.495,0.192142211585835,0.2357253731546805
16874759,153772,1,214,1378984,19575,1665,0.25516116450000004,0.0115170525694638,0.0
16874759,155559,1,214,1382920,79,53,0.495,0.1891135398695142,0.2699280630170432
16874759,187797,1,214,1116986,15431,769,0.495,0.39113942866031104,0.280951353134529
16874759,285989,1,214,1130922,27334,2747,0.492766263,0.26174073988289603,0.201866920516892
16874760,8509,1,4,476110,1663,1017,0.495,0.268100364428475,0.277885088761422
16874760,26351,1,4,748457,3991,1810,0.495,0.031047469821710805,0.21897558356919467
16874760,43698,1,4,870434,4593,1810,0.495,0.20748335481153693,0.33470623214339934
16874760,81655,1,4,1094108,10740,2391,0.42357981599999994,0.19814173988728304,0.14108661865871167
16874760,141481,1,4,1109912,17940,2429,0.495,0.30355900568777,0.0
16874761,53816,0,214,970668,7155,2222,0.495,0.03504976667748547,0.326370720674635
16874761,56675,0,214,753333,7580,285,0.46905447599999994,0.287085801105287,0.20518517562330102
16874761,179048,0,214,1351158,21726,3190,0.23697130049999998,0.0652988137823626,0.0
16874761,259370,0,214,1109881,26619,3829,0.495,0.37690358447633,0.21535065649405552
16874761,280630,0,214,1643823,26543,3335,1.0,0.048587753199759054,0.0
16874761,281287,0,214,377783,935,150,0.5,0.00821068398607761,0.2882227233146326
16874762,149539,0,214,1106570,11201,2670,0.495,0.0287845720724851,0.2707822289001857
16874762,165329,0,214,1412774,2234,1475,0.2226792645,0.12030359509986699,0.0
16874762,187175,0,214,1150275,22355,2380,0.42958896750000003,0.24241045341038897,0.20347915676573197
16874762,194925,0,214,1488246,22845,1594,0.495,0.17500964275438238,0.30076756688972545
16874762,195273,0,214,1487909,18561,3220,0.3123293085,0.029560718346252457,0.0
16874762,254858,0,214,1522802,24152,1650,0.258571764,0.103470912308489,0.713633160374121
16874762,262642,0,214,1635743,26691,1684,0.495,0.40717459960711405,0.3276676626743766
16874762,286684,0,214,1682650,695,784,0.2087120475,0.0281799065104499,0.9333036039142759
16874762,292412,0,214,1172584,15214,1650,0.23713371,0.0739871756453852,0.6830640458208279
16874763,6224,0,214,141638,1179,27,0.33587868600000004,0.04415157650083886,0.349722499296389
16874763,8847,0,214,21135,1726,24,0.1892229075,0.076861231947498,0.5931000880739375
16874763,32780,0,214,457745,2592,1310,0.495,0.07965034161839503,0.41361478270152596
16874763,43280,0,214,941505,5645,1321,0.495,0.17149220926678857,0.21745189118851002
16874763,71807,0,214,871277,4931,2018,0.477824589,0.22743117601867702,0.23131745637902248
16874763,139682,0,214,826636,17910,1672,0.18467544149999998,0.0319428624540178,0.210209655808711
16874763,173005,0,214,1031141,21149,1703,0.495,0.365898150036542,0.4516659272216523
16874763,199854,0,214,1395209,22609,2093,0.495,0.20462395069477401,0.2837514254365203
16874764,160731,0,214,549124,19959,3334,0.495,0.3549688965843689,0.529771650437361
16874764,167365,0,214,1019847,20136,446,0.495,0.430375751934231,0.277680611756755
16874764,288377,0,214,1301965,17295,1701,0.495,0.36538563262057,0.736374189299779
16874764,328479,0,214,1760291,28467,2079,0.495,0.055370838624855645,0.28648887248183097
16874765,61159,0,214,992370,7283,1919,0.495,0.318320208730425,0.352204527995858
16874765,173129,0,214,1302484,21210,2769,0.495,0.192142211585835,0.2357253731546805
16874765,277531,0,214,1666433,27387,2713,0.495,0.282589659359747,0.09760507212479765
16874765,284533,0,214,1563429,27810,1218,0.495,0.24862785770959,0.0070956384377241595
16874765,316916,0,214,1727623,28928,1055,0.199454706,0.0546792121753818,0.0
16874766,45180,0,214,953930,6296,1594,0.495,0.11934419617066555,0.4686805193926733
16874766,86683,0,214,1106570,11201,2670,0.495,0.0287845720724851,0.2707822289001857
16874766,95103,0,214,1098103,10945,1919,0.495,0.36762098266465904,0.351282799598198
16874766,123093,0,214,1228735,15427,718,0.38931141150000004,0.195273603763992,0.48913381595075167
16874766,139682,0,214,826636,17910,1672,0.18467544149999998,0.0319428624540178,0.210209655808711
16874766,162372,0,214,1179134,20363,3251,0.2584093545,0.130536621469045,0.206388767948962
16874766,173005,0,214,1031141,21149,1703,0.495,0.365898150036542,0.4516659272216523
16874766,187296,0,214,1116986,15430,769,0.495,0.39113942866031104,0.280951353134529
16874767,144927,2,214,1274258,18516,2815,0.4156217505,0.12994850308093303,0.24730875770261102
16874767,166581,2,214,1414815,20627,2713,0.495,0.309797067705098,0.3733974565582742
16874768,20922,0,214,796742,200,5,0.495,0.08620901289090724,0.26704462868739237
16874768,131545,0,214,1288640,5306,1991,0.22186721700000003,0.0825135100746262,0.40142943337937054
16874768,173005,0,214,1031141,21149,1703,0.495,0.365898150036542,0.4516659272216523
16874768,175787,0,214,1354950,21419,2702,0.495,0.384915568275761,0.23529816170070897
16874768,270234,0,214,647796,2236,1309,0.3643003485,0.24123424742368899,0.28068883197574607
16874768,323012,0,214,1617964,29032,3922,0.34010133299999995,0.02122953571428571,0.5381502353493851
16874769,155197,2,214,714263,406,14,0.34611048450000004,0.09093789205629697,0.25554593777548135
16874769,170004,2,214,1417088,20697,1544,0.436247757,0.24986366658124695,0.35489630702728975
16874769,185046,2,214,1070796,22242,1644,0.41643379799999997,0.03841862410453275,0.0
16874769,209947,2,214,1532551,24057,3564,0.495,0.045275653626454346,0.23418200794905397
16874770,31654,0,214,861009,4723,1955,0.495,0.433949313832565,0.43114888657502237
16874770,61696,0,214,479029,8217,446,0.495,0.260306723882586,0.42814058187513104
16874770,95103,0,214,1098103,10945,1919,0.495,0.36762098266465904,0.351282799598198
16874770,102059,0,214,1095406,13272,2848,0.495,0.03580011515572697,0.2936791767375425
16874770,107055,0,214,208091,13829,372,0.495,0.401164703638406,0.38338661337950974
16874770,155232,0,214,1154672,14642,1439,0.495,0.1553603654886337,0.275782400571151
16874770,180923,0,214,1151028,674,769,0.495,0.13583847552329098,0.28608656441925606
16874770,252432,0,214,1217664,26317,2926,0.495,0.05824654148864985,0.6137269258472171
16874770,302237,0,214,1533266,8745,1206,0.30242232900000005,0.145443009898805,0.0
16874771,5433,0,214,37826,383,9,0.495,0.028571238022869972,0.25105597589171297
16874771,18049,0,214,753513,751,425,0.495,0.038635500048269385,0.29657983374224
16874771,23324,0,214,819330,3642,1685,0.191983869,0.079688726680616,0.28582230112091134
16874771,30381,0,214,859808,4639,1685,0.17574291899999997,0.026766141429346253,0.741574853018851
16874771,35054,0,214,875298,5146,901,0.495,0.31869903435303604,0.406073277236591
16874771,118470,0,214,1202385,15099,19,0.495,0.1597147903979369,0.0
16874772,144088,1,214,1249632,11367,2681,0.20465181000000002,0.0881092748899767,0.274848066612097
16874772,212108,1,214,1536428,24197,2349,0.33717796200000005,0.184316358804935,0.27605540317618704
16874773,102724,2,214,1116842,13325,2325,0.219593484,0.01968245824025333,0.615412904633899
16874773,137758,2,214,1313905,17695,2222,0.495,0.44264320152110903,0.583225077152589
16874773,187175,2,214,1150275,22355,2380,0.42958896750000003,0.24241045341038897,0.20347915676573197
16874773,288368,2,214,1301965,17295,1701,0.495,0.36538563262057,0.736374189299779
16874774,159286,1,214,477456,1021,350,0.495,0.1735316508276488,0.4716322455389064
16874774,163112,1,214,1409140,20398,2862,0.495,0.046782494231256674,0.26856018395234904
16874775,39879,0,214,915886,5625,2039,0.35455577850000003,0.189449073977842,0.401583180098081
16874775,59628,0,214,1019158,7995,1919,0.495,0.1592676733525365,0.35451845201530996
16874775,84163,0,214,1098679,9589,2447,0.495,0.38811802160212605,0.07471130746059705
16874775,118470,0,214,1202385,15099,19,0.495,0.1597147903979369,0.0
16874775,169326,0,214,1422180,20832,2603,0.495,0.268725721610516,0.21910746132298
16874775,180923,0,214,1151028,674,769,0.495,0.13583847552329098,0.28608656441925606
16874775,195579,0,214,428294,5131,555,0.495,0.317144805288875,0.48611577749010293
16874776,116122,0,214,393819,2163,916,0.204002172,0.104498405050975,0.752378317745229
16874776,163664,0,214,1218459,17315,1650,0.2454165945,0.0843802332839469,0.0
16874776,183427,0,214,1459499,9224,901,0.495,0.375915338704872,0.31729268829025503
16874776,211426,0,214,1522802,24152,1650,0.258571764,0.103470912308489,0.713633160374121
16874776,289104,0,214,1687165,28025,3899,0.191983869,0.0412927322998846,0.0
16874776,328479,0,214,1760291,28467,2079,0.495,0.055370838624855645,0.28648887248183097
16874777,36944,0,214,753405,2966,752,0.495,0.162226467256377,0.2851339204853021
16874777,141002,0,214,1142136,18040,102,0.17850388050000002,0.0309841646892135,0.22293358172506197
16874777,146246,0,214,1327011,18084,4,0.173144367,0.0652986989853919,0.0
16874777,173006,0,214,1031141,21149,1703,0.495,0.365898150036542,0.4516659272216523
16874777,180682,0,214,1151028,674,769,0.495,0.13583847552329098,0.28608656441925606
16874777,187283,0,214,1116986,15430,769,0.495,0.39113942866031104,0.280951353134529
16874777,255977,0,214,1069160,9805,2057,0.495,0.3427954111917876,0.4478759691837584
16874777,288353,0,214,1301965,17295,1701,0.495,0.36538563262057,0.736374189299779
16874777,289121,0,214,1687165,28025,3899,0.191983869,0.0412927322998846,0.0
16874778,59628,2,214,1019158,7995,1919,0.495,0.1592676733525365,0.35451845201530996
16874778,91951,2,214,1108510,7977,1521,0.495,0.379965441469738,0.224722442800346
16874778,129026,2,214,1142136,16565,102,0.17850388050000002,0.0309841646892135,0.22293358172506197
16874778,184170,2,214,1461057,22143,1055,0.157553055,0.0223699488269143,0.0
16874778,223923,2,214,1425316,8055,352,0.4455050985,0.271630372692649,0.775972979569895
16874779,9230,0,214,591242,1807,295,0.22430335950000002,0.11918791267884599,0.43465840583686194
16874779,13761,0,214,698215,2458,295,0.2057886765,0.0903200123103341,0.415772328908967
16874779,22540,0,214,808331,564,336,0.495,0.346280633924031,0.4590948991570145
16874779,92005,0,214,944994,11938,1028,0.27936018,0.029338197124367693,0.25057944449811803
16874779,98285,0,214,1143998,12811,1028,0.389149002,0.05433597788892712,0.0
16874779,115940,0,214,1188331,564,336,0.495,0.10586466471633471,0.2156963564831545
16874780,44111,2,214,865744,3447,141,0.222516855,0.0594136639584387,0.18854406237208898
16874780,134050,2,214,699878,17207,1502,0.17639255699999998,0.46872609185732395,0.7597541932555909
16874780,180720,2,214,1151028,674,769,0.495,0.13583847552329098,0.28608656441925606
16874780,288388,2,214,1301965,17295,1701,0.495,0.36538563262057,0.736374189299779
16874781,79828,1,214,1087593,10542,1919,0.495,0.1592676733525365,0.352504447993429
16874781,80482,1,214,1089819,10601,92,0.495,0.28103315703584303,0.334066423219182
16874781,147706,1,214,954430,10363,2603,0.495,0.270512511006715,0.21910746132298
16874781,173403,1,214,1387632,21143,2876,1.0,0.09277430511887196,0.0
16874782,15864,0,214,709006,2615,24,0.2545115265,0.0958471067976457,0.015314479904163
16874782,30784,0,214,653541,4160,1876,0.3279206205,0.023423570892059174,0.5567255814183699
16874782,48422,0,214,967074,6669,1378,0.495,0.03160583394096131,0.21278293835864998
16874782,180923,0,214,1151028,674,769,0.495,0.13583847552329098,0.28608656441925606
16874782,187279,0,214,1116986,15430,769,0.495,0.39113942866031104,0.280951353134529
16874783,84937,1,214,989597,8150,2169,0.495,0.360525212073656,0.37035927531157753
16874783,89726,1,214,875012,11621,1286,0.19165904999999997,0.0382002101222811,0.3004602822267445
16874783,129071,1,214,1273674,16573,3037,0.495,0.28708748910388804,0.28612923848719096
16874783,212682,1,214,863855,24235,1554,0.2554859835,0.011517073468104032,0.0
16874783,269017,1,214,1647612,26949,3718,0.348871446,0.18502967834234302,0.431684557530974
16874783,285985,1,214,1130922,27334,2747,0.492766263,0.26174073988289603,0.201866920516892
16874784,153772,1,214,1378984,19575,1665,0.25516116450000004,0.0115170525694638,0.0
16874784,225438,1,214,1155224,25012,2871,0.2688035625,0.12288497515275301,0.3907733005366555
16874785,144741,0,214,1337362,18488,2909,0.495,0.24239998890151748,0.8550512721712079
16874785,175787,0,214,1354950,21419,2702,0.495,0.384915568275761,0.23529816170070897
16874785,284522,0,214,1679006,27809,1218,0.1710330435,0.0739871492668389,0.45794381541253
16874786,17470,1,214,363434,2895,172,0.495,0.30605448820825604,0.36679193271008603
16874786,28345,1,214,845449,1423,308,0.495,0.15843210970623492,0.39672736025332
16874786,62672,1,214,1031803,245,232,0.40457790450000003,0.03789374663694125,0.265003253876125
16874786,117199,1,214,1127565,724,377,0.495,0.04491526580834594,0.391425942059814
16874787,152193,1,214,1307953,19345,1670,0.495,0.1127634831476881,0.3870459064509553
16874787,153784,1,214,1378984,19575,1665,0.25516116450000004,0.0115170525694638,0.0
